route_number,route_name,origin_value,origin_name,destination_value,destination_name,timing,scraped_at
101,101,ANNA NAGAR EAST,ANNA NAGAR EAST,M.G.R.KOYAMBEDU,M.G.R.KOYAMBEDU,04:05,2026-01-13T12:52:17.067969
101,101,ANNA NAGAR EAST,ANNA NAGAR EAST,M.G.R.KOYAMBEDU,M.G.R.KOYAMBEDU,05:05,2026-01-13T12:52:17.067969
101,101,ANNA NAGAR EAST,ANNA NAGAR EAST,M.G.R.KOYAMBEDU,M.G.R.KOYAMBEDU,08:30,2026-01-13T12:52:17.067969
101,101,ANNA NAGAR EAST,ANNA NAGAR EAST,M.G.R.KOYAMBEDU,M.G.R.KOYAMBEDU,09:00,2026-01-13T12:52:17.067969
101,101,ANNA NAGAR EAST,ANNA NAGAR EAST,M.G.R.KOYAMBEDU,M.G.R.KOYAMBEDU,13:38,2026-01-13T12:52:17.067969
101,101,BROADWAY,BROADWAY,POONAMALLEE B.S,POONAMALLEE B.S,08:45,2026-01-13T12:52:30.666308
101,101,BROADWAY,BROADWAY,POONAMALLEE B.S,POONAMALLEE B.S,09:13,2026-01-13T12:52:30.666308
101,101,BROADWAY,BROADWAY,POONAMALLEE B.S,POONAMALLEE B.S,09:29,2026-01-13T12:52:30.666308
101,101,BROADWAY,BROADWAY,POONAMALLEE B.S,POONAMALLEE B.S,10:01,2026-01-13T12:52:30.666308
101,101,BROADWAY,BROADWAY,POONAMALLEE B.S,POONAMALLEE B.S,10:17,2026-01-13T12:52:30.666308
101,101,BROADWAY,BROADWAY,POONAMALLEE B.S,POONAMALLEE B.S,10:55,2026-01-13T12:52:30.666308
101,101,BROADWAY,BROADWAY,POONAMALLEE B.S,POONAMALLEE B.S,11:15,2026-01-13T12:52:30.666308
101,101,BROADWAY,BROADWAY,POONAMALLEE B.S,POONAMALLEE B.S,11:37,2026-01-13T12:52:30.666308
101,101,BROADWAY,BROADWAY,POONAMALLEE B.S,POONAMALLEE B.S,11:55,2026-01-13T12:52:30.666308
101,101,BROADWAY,BROADWAY,POONAMALLEE B.S,POONAMALLEE B.S,12:25,2026-01-13T12:52:30.666308
101,101,BROADWAY,BROADWAY,POONAMALLEE B.S,POONAMALLEE B.S,12:35,2026-01-13T12:52:30.666308
101,101,BROADWAY,BROADWAY,POONAMALLEE B.S,POONAMALLEE B.S,13:10,2026-01-13T12:52:30.666308
101,101,BROADWAY,BROADWAY,POONAMALLEE B.S,POONAMALLEE B.S,13:30,2026-01-13T12:52:30.666308
101,101,BROADWAY,BROADWAY,POONAMALLEE B.S,POONAMALLEE B.S,13:40,2026-01-13T12:52:30.666308
101,101,BROADWAY,BROADWAY,POONAMALLEE B.S,POONAMALLEE B.S,13:50,2026-01-13T12:52:30.666308
101,101,BROADWAY,BROADWAY,POONAMALLEE B.S,POONAMALLEE B.S,14:05,2026-01-13T12:52:30.666308
101,101,BROADWAY,BROADWAY,POONAMALLEE B.S,POONAMALLEE B.S,14:30,2026-01-13T12:52:30.666308
101,101,BROADWAY,BROADWAY,POONAMALLEE B.S,POONAMALLEE B.S,14:40,2026-01-13T12:52:30.666308
101,101,BROADWAY,BROADWAY,POONAMALLEE B.S,POONAMALLEE B.S,15:00,2026-01-13T12:52:30.666308
101,101,BROADWAY,BROADWAY,POONAMALLEE B.S,POONAMALLEE B.S,15:10,2026-01-13T12:52:30.666308
101,101,BROADWAY,BROADWAY,POONAMALLEE B.S,POONAMALLEE B.S,15:35,2026-01-13T12:52:30.666308
101,101,BROADWAY,BROADWAY,POONAMALLEE B.S,POONAMALLEE B.S,15:45,2026-01-13T12:52:30.666308
101,101,BROADWAY,BROADWAY,POONAMALLEE B.S,POONAMALLEE B.S,15:55,2026-01-13T12:52:30.666308
101,101,BROADWAY,BROADWAY,POONAMALLEE B.S,POONAMALLEE B.S,16:00,2026-01-13T12:52:30.666308
101,101,BROADWAY,BROADWAY,POONAMALLEE B.S,POONAMALLEE B.S,16:10,2026-01-13T12:52:30.666308
101,101,BROADWAY,BROADWAY,POONAMALLEE B.S,POONAMALLEE B.S,16:20,2026-01-13T12:52:30.666308
101,101,BROADWAY,BROADWAY,POONAMALLEE B.S,POONAMALLEE B.S,16:55,2026-01-13T12:52:30.666308
101,101,BROADWAY,BROADWAY,POONAMALLEE B.S,POONAMALLEE B.S,17:15,2026-01-13T12:52:30.666308
101,101,BROADWAY,BROADWAY,POONAMALLEE B.S,POONAMALLEE B.S,17:50,2026-01-13T12:52:30.666308
101,101,BROADWAY,BROADWAY,POONAMALLEE B.S,POONAMALLEE B.S,19:40,2026-01-13T12:52:30.666308
101,101,M.G.R.KOYAMBEDU,M.G.R.KOYAMBEDU,POONAMALLEE B.S,POONAMALLEE B.S,04:20,2026-01-13T12:52:44.289427
101,101,M.G.R.KOYAMBEDU,M.G.R.KOYAMBEDU,POONAMALLEE B.S,POONAMALLEE B.S,04:35,2026-01-13T12:52:44.289427
101,101,M.G.R.KOYAMBEDU,M.G.R.KOYAMBEDU,POONAMALLEE B.S,POONAMALLEE B.S,05:20,2026-01-13T12:52:44.289427
101,101,M.G.R.KOYAMBEDU,M.G.R.KOYAMBEDU,POONAMALLEE B.S,POONAMALLEE B.S,05:25,2026-01-13T12:52:44.289427
101,101,M.G.R.KOYAMBEDU,M.G.R.KOYAMBEDU,POONAMALLEE B.S,POONAMALLEE B.S,05:40,2026-01-13T12:52:44.289427
101,101,M.G.R.KOYAMBEDU,M.G.R.KOYAMBEDU,POONAMALLEE B.S,POONAMALLEE B.S,05:55,2026-01-13T12:52:44.289427
101,101,M.G.R.KOYAMBEDU,M.G.R.KOYAMBEDU,POONAMALLEE B.S,POONAMALLEE B.S,06:00,2026-01-13T12:52:44.289427
101,101,M.G.R.KOYAMBEDU,M.G.R.KOYAMBEDU,POONAMALLEE B.S,POONAMALLEE B.S,06:10,2026-01-13T12:52:44.289427
101,101,M.G.R.KOYAMBEDU,M.G.R.KOYAMBEDU,POONAMALLEE B.S,POONAMALLEE B.S,06:25,2026-01-13T12:52:44.289427
101,101,M.G.R.KOYAMBEDU,M.G.R.KOYAMBEDU,POONAMALLEE B.S,POONAMALLEE B.S,06:30,2026-01-13T12:52:44.289427
101,101,M.G.R.KOYAMBEDU,M.G.R.KOYAMBEDU,POONAMALLEE B.S,POONAMALLEE B.S,06:35,2026-01-13T12:52:44.289427
101,101,M.G.R.KOYAMBEDU,M.G.R.KOYAMBEDU,POONAMALLEE B.S,POONAMALLEE B.S,08:45,2026-01-13T12:52:44.289427
101,101,M.G.R.KOYAMBEDU,M.G.R.KOYAMBEDU,POONAMALLEE B.S,POONAMALLEE B.S,09:15,2026-01-13T12:52:44.289427
101,101,M.G.R.KOYAMBEDU,M.G.R.KOYAMBEDU,ANNA NAGAR EAST,ANNA NAGAR EAST,05:42,2026-01-13T12:53:51.801998
101,101,M.G.R.KOYAMBEDU,M.G.R.KOYAMBEDU,ANNA NAGAR EAST,ANNA NAGAR EAST,19:50,2026-01-13T12:53:51.801998
101,101,M.G.R.KOYAMBEDU,M.G.R.KOYAMBEDU,ANNA NAGAR EAST,ANNA NAGAR EAST,20:12,2026-01-13T12:53:51.801998
101,101,M.G.R.KOYAMBEDU,M.G.R.KOYAMBEDU,ANNA NAGAR EAST,ANNA NAGAR EAST,20:20,2026-01-13T12:53:51.801998
101,101,M.G.R.KOYAMBEDU,M.G.R.KOYAMBEDU,ANNA NAGAR EAST,ANNA NAGAR EAST,21:12,2026-01-13T12:53:51.801998
101,101,M.G.R.KOYAMBEDU,M.G.R.KOYAMBEDU,THIRUVOTRIYUR,THIRUVOTRIYUR,04:10,2026-01-13T12:54:04.107035
101,101,M.G.R.KOYAMBEDU,M.G.R.KOYAMBEDU,THIRUVOTRIYUR,THIRUVOTRIYUR,04:20,2026-01-13T12:54:04.107035
101,101,M.G.R.KOYAMBEDU,M.G.R.KOYAMBEDU,THIRUVOTRIYUR,THIRUVOTRIYUR,04:40,2026-01-13T12:54:04.107035
101,101,M.G.R.KOYAMBEDU,M.G.R.KOYAMBEDU,THIRUVOTRIYUR,THIRUVOTRIYUR,05:00,2026-01-13T12:54:04.107035
101,101,M.G.R.KOYAMBEDU,M.G.R.KOYAMBEDU,THIRUVOTRIYUR,THIRUVOTRIYUR,05:20,2026-01-13T12:54:04.107035
101,101,M.G.R.KOYAMBEDU,M.G.R.KOYAMBEDU,THIRUVOTRIYUR,THIRUVOTRIYUR,05:50,2026-01-13T12:54:04.107035
101,101,M.G.R.KOYAMBEDU,M.G.R.KOYAMBEDU,THIRUVOTRIYUR,THIRUVOTRIYUR,06:20,2026-01-13T12:54:04.107035
101,101,M.G.R.KOYAMBEDU,M.G.R.KOYAMBEDU,THIRUVOTRIYUR,THIRUVOTRIYUR,08:30,2026-01-13T12:54:04.107035
101,101,M.G.R.KOYAMBEDU,M.G.R.KOYAMBEDU,THIRUVOTRIYUR,THIRUVOTRIYUR,12:35,2026-01-13T12:54:04.107035
101,101,M.G.R.KOYAMBEDU,M.G.R.KOYAMBEDU,THIRUVOTRIYUR,THIRUVOTRIYUR,13:35,2026-01-13T12:54:04.107035
101,101,M.G.R.KOYAMBEDU,M.G.R.KOYAMBEDU,THIRUVOTRIYUR,THIRUVOTRIYUR,14:00,2026-01-13T12:54:04.107035
101,101,M.G.R.KOYAMBEDU,M.G.R.KOYAMBEDU,THIRUVOTRIYUR,THIRUVOTRIYUR,14:40,2026-01-13T12:54:04.107035
101,101,M.G.R.KOYAMBEDU,M.G.R.KOYAMBEDU,THIRUVOTRIYUR,THIRUVOTRIYUR,15:35,2026-01-13T12:54:04.107035
101,101,M.G.R.KOYAMBEDU,M.G.R.KOYAMBEDU,THIRUVOTRIYUR,THIRUVOTRIYUR,16:15,2026-01-13T12:54:04.107035
101,101,POONAMALLEE B.S,POONAMALLEE B.S,ANNA NAGAR EAST,ANNA NAGAR EAST,00:30,2026-01-13T12:54:17.743475
101,101,POONAMALLEE B.S,POONAMALLEE B.S,ANNA NAGAR EAST,ANNA NAGAR EAST,01:10,2026-01-13T12:54:17.743475
101,101,POONAMALLEE B.S,POONAMALLEE B.S,ANNA NAGAR EAST,ANNA NAGAR EAST,02:05,2026-01-13T12:54:17.743475
101,101,POONAMALLEE B.S,POONAMALLEE B.S,ANNA NAGAR EAST,ANNA NAGAR EAST,02:30,2026-01-13T12:54:17.743475
101,101,POONAMALLEE B.S,POONAMALLEE B.S,ANNA NAGAR EAST,ANNA NAGAR EAST,03:15,2026-01-13T12:54:17.743475
101,101,POONAMALLEE B.S,POONAMALLEE B.S,ANNA NAGAR EAST,ANNA NAGAR EAST,03:55,2026-01-13T12:54:17.743475
101,101,POONAMALLEE B.S,POONAMALLEE B.S,ANNA NAGAR EAST,ANNA NAGAR EAST,04:35,2026-01-13T12:54:17.743475
101,101,POONAMALLEE B.S,POONAMALLEE B.S,ANNA NAGAR EAST,ANNA NAGAR EAST,05:05,2026-01-13T12:54:17.743475
101,101,POONAMALLEE B.S,POONAMALLEE B.S,ANNA NAGAR EAST,ANNA NAGAR EAST,05:25,2026-01-13T12:54:17.743475
101,101,POONAMALLEE B.S,POONAMALLEE B.S,ANNA NAGAR EAST,ANNA NAGAR EAST,05:55,2026-01-13T12:54:17.743475
101,101,POONAMALLEE B.S,POONAMALLEE B.S,ANNA NAGAR EAST,ANNA NAGAR EAST,06:05,2026-01-13T12:54:17.743475
101,101,POONAMALLEE B.S,POONAMALLEE B.S,ANNA NAGAR EAST,ANNA NAGAR EAST,06:15,2026-01-13T12:54:17.743475
101,101,POONAMALLEE B.S,POONAMALLEE B.S,ANNA NAGAR EAST,ANNA NAGAR EAST,06:20,2026-01-13T12:54:17.743475
101,101,POONAMALLEE B.S,POONAMALLEE B.S,ANNA NAGAR EAST,ANNA NAGAR EAST,06:25,2026-01-13T12:54:17.743475
101,101,POONAMALLEE B.S,POONAMALLEE B.S,ANNA NAGAR EAST,ANNA NAGAR EAST,06:40,2026-01-13T12:54:17.743475
101,101,POONAMALLEE B.S,POONAMALLEE B.S,ANNA NAGAR EAST,ANNA NAGAR EAST,06:50,2026-01-13T12:54:17.743475
101,101,POONAMALLEE B.S,POONAMALLEE B.S,ANNA NAGAR EAST,ANNA NAGAR EAST,06:55,2026-01-13T12:54:17.743475
101,101,POONAMALLEE B.S,POONAMALLEE B.S,ANNA NAGAR EAST,ANNA NAGAR EAST,07:10,2026-01-13T12:54:17.743475
101,101,POONAMALLEE B.S,POONAMALLEE B.S,ANNA NAGAR EAST,ANNA NAGAR EAST,07:20,2026-01-13T12:54:17.743475
101,101,POONAMALLEE B.S,POONAMALLEE B.S,ANNA NAGAR EAST,ANNA NAGAR EAST,07:25,2026-01-13T12:54:17.743475
101,101,POONAMALLEE B.S,POONAMALLEE B.S,ANNA NAGAR EAST,ANNA NAGAR EAST,07:30,2026-01-13T12:54:17.743475
101,101,POONAMALLEE B.S,POONAMALLEE B.S,ANNA NAGAR EAST,ANNA NAGAR EAST,07:35,2026-01-13T12:54:17.743475
101,101,POONAMALLEE B.S,POONAMALLEE B.S,ANNA NAGAR EAST,ANNA NAGAR EAST,07:40,2026-01-13T12:54:17.743475
101,101,POONAMALLEE B.S,POONAMALLEE B.S,ANNA NAGAR EAST,ANNA NAGAR EAST,07:48,2026-01-13T12:54:17.743475
101,101,POONAMALLEE B.S,POONAMALLEE B.S,ANNA NAGAR EAST,ANNA NAGAR EAST,07:55,2026-01-13T12:54:17.743475
101,101,POONAMALLEE B.S,POONAMALLEE B.S,ANNA NAGAR EAST,ANNA NAGAR EAST,08:04,2026-01-13T12:54:17.743475
101,101,POONAMALLEE B.S,POONAMALLEE B.S,ANNA NAGAR EAST,ANNA NAGAR EAST,08:10,2026-01-13T12:54:17.743475
101,101,POONAMALLEE B.S,POONAMALLEE B.S,ANNA NAGAR EAST,ANNA NAGAR EAST,08:30,2026-01-13T12:54:17.743475
101,101,POONAMALLEE B.S,POONAMALLEE B.S,ANNA NAGAR EAST,ANNA NAGAR EAST,08:36,2026-01-13T12:54:17.743475
101,101,POONAMALLEE B.S,POONAMALLEE B.S,ANNA NAGAR EAST,ANNA NAGAR EAST,08:45,2026-01-13T12:54:17.743475
101,101,POONAMALLEE B.S,POONAMALLEE B.S,ANNA NAGAR EAST,ANNA NAGAR EAST,08:52,2026-01-13T12:54:17.743475
101,101,POONAMALLEE B.S,POONAMALLEE B.S,ANNA NAGAR EAST,ANNA NAGAR EAST,09:00,2026-01-13T12:54:17.743475
101,101,POONAMALLEE B.S,POONAMALLEE B.S,ANNA NAGAR EAST,ANNA NAGAR EAST,09:15,2026-01-13T12:54:17.743475
101,101,POONAMALLEE B.S,POONAMALLEE B.S,ANNA NAGAR EAST,ANNA NAGAR EAST,09:25,2026-01-13T12:54:17.743475
101,101,POONAMALLEE B.S,POONAMALLEE B.S,ANNA NAGAR EAST,ANNA NAGAR EAST,09:30,2026-01-13T12:54:17.743475
101,101,POONAMALLEE B.S,POONAMALLEE B.S,ANNA NAGAR EAST,ANNA NAGAR EAST,09:35,2026-01-13T12:54:17.743475
101,101,POONAMALLEE B.S,POONAMALLEE B.S,ANNA NAGAR EAST,ANNA NAGAR EAST,09:50,2026-01-13T12:54:17.743475
101,101,POONAMALLEE B.S,POONAMALLEE B.S,ANNA NAGAR EAST,ANNA NAGAR EAST,09:55,2026-01-13T12:54:17.743475
101,101,POONAMALLEE B.S,POONAMALLEE B.S,ANNA NAGAR EAST,ANNA NAGAR EAST,10:00,2026-01-13T12:54:17.743475
101,101,POONAMALLEE B.S,POONAMALLEE B.S,ANNA NAGAR EAST,ANNA NAGAR EAST,10:05,2026-01-13T12:54:17.743475
101,101,POONAMALLEE B.S,POONAMALLEE B.S,ANNA NAGAR EAST,ANNA NAGAR EAST,10:10,2026-01-13T12:54:17.743475
101,101,POONAMALLEE B.S,POONAMALLEE B.S,ANNA NAGAR EAST,ANNA NAGAR EAST,10:15,2026-01-13T12:54:17.743475
101,101,POONAMALLEE B.S,POONAMALLEE B.S,ANNA NAGAR EAST,ANNA NAGAR EAST,10:20,2026-01-13T12:54:17.743475
101,101,POONAMALLEE B.S,POONAMALLEE B.S,ANNA NAGAR EAST,ANNA NAGAR EAST,10:25,2026-01-13T12:54:17.743475
101,101,POONAMALLEE B.S,POONAMALLEE B.S,ANNA NAGAR EAST,ANNA NAGAR EAST,10:30,2026-01-13T12:54:17.743475
101,101,POONAMALLEE B.S,POONAMALLEE B.S,ANNA NAGAR EAST,ANNA NAGAR EAST,10:35,2026-01-13T12:54:17.743475
101,101,POONAMALLEE B.S,POONAMALLEE B.S,ANNA NAGAR EAST,ANNA NAGAR EAST,10:45,2026-01-13T12:54:17.743475
101,101,POONAMALLEE B.S,POONAMALLEE B.S,ANNA NAGAR EAST,ANNA NAGAR EAST,10:47,2026-01-13T12:54:17.743475
101,101,POONAMALLEE B.S,POONAMALLEE B.S,ANNA NAGAR EAST,ANNA NAGAR EAST,10:50,2026-01-13T12:54:17.743475
101,101,POONAMALLEE B.S,POONAMALLEE B.S,ANNA NAGAR EAST,ANNA NAGAR EAST,10:55,2026-01-13T12:54:17.743475
101,101,POONAMALLEE B.S,POONAMALLEE B.S,ANNA NAGAR EAST,ANNA NAGAR EAST,11:00,2026-01-13T12:54:17.743475
101,101,POONAMALLEE B.S,POONAMALLEE B.S,ANNA NAGAR EAST,ANNA NAGAR EAST,11:05,2026-01-13T12:54:17.743475
101,101,POONAMALLEE B.S,POONAMALLEE B.S,ANNA NAGAR EAST,ANNA NAGAR EAST,11:20,2026-01-13T12:54:17.743475
101,101,POONAMALLEE B.S,POONAMALLEE B.S,ANNA NAGAR EAST,ANNA NAGAR EAST,11:35,2026-01-13T12:54:17.743475
101,101,POONAMALLEE B.S,POONAMALLEE B.S,ANNA NAGAR EAST,ANNA NAGAR EAST,11:40,2026-01-13T12:54:17.743475
101,101,POONAMALLEE B.S,POONAMALLEE B.S,ANNA NAGAR EAST,ANNA NAGAR EAST,11:45,2026-01-13T12:54:17.743475
101,101,POONAMALLEE B.S,POONAMALLEE B.S,ANNA NAGAR EAST,ANNA NAGAR EAST,11:50,2026-01-13T12:54:17.743475
101,101,POONAMALLEE B.S,POONAMALLEE B.S,ANNA NAGAR EAST,ANNA NAGAR EAST,12:00,2026-01-13T12:54:17.743475
101,101,POONAMALLEE B.S,POONAMALLEE B.S,ANNA NAGAR EAST,ANNA NAGAR EAST,12:05,2026-01-13T12:54:17.743475
101,101,POONAMALLEE B.S,POONAMALLEE B.S,ANNA NAGAR EAST,ANNA NAGAR EAST,12:10,2026-01-13T12:54:17.743475
101,101,POONAMALLEE B.S,POONAMALLEE B.S,ANNA NAGAR EAST,ANNA NAGAR EAST,12:15,2026-01-13T12:54:17.743475
101,101,POONAMALLEE B.S,POONAMALLEE B.S,ANNA NAGAR EAST,ANNA NAGAR EAST,12:20,2026-01-13T12:54:17.743475
101,101,POONAMALLEE B.S,POONAMALLEE B.S,ANNA NAGAR EAST,ANNA NAGAR EAST,12:25,2026-01-13T12:54:17.743475
101,101,POONAMALLEE B.S,POONAMALLEE B.S,ANNA NAGAR EAST,ANNA NAGAR EAST,12:30,2026-01-13T12:54:17.743475
101,101,POONAMALLEE B.S,POONAMALLEE B.S,ANNA NAGAR EAST,ANNA NAGAR EAST,12:35,2026-01-13T12:54:17.743475
101,101,POONAMALLEE B.S,POONAMALLEE B.S,ANNA NAGAR EAST,ANNA NAGAR EAST,12:50,2026-01-13T12:54:17.743475
101,101,POONAMALLEE B.S,POONAMALLEE B.S,ANNA NAGAR EAST,ANNA NAGAR EAST,12:55,2026-01-13T12:54:17.743475
101,101,POONAMALLEE B.S,POONAMALLEE B.S,ANNA NAGAR EAST,ANNA NAGAR EAST,13:10,2026-01-13T12:54:17.743475
101,101,POONAMALLEE B.S,POONAMALLEE B.S,ANNA NAGAR EAST,ANNA NAGAR EAST,13:15,2026-01-13T12:54:17.743475
101,101,POONAMALLEE B.S,POONAMALLEE B.S,ANNA NAGAR EAST,ANNA NAGAR EAST,13:25,2026-01-13T12:54:17.743475
101,101,POONAMALLEE B.S,POONAMALLEE B.S,ANNA NAGAR EAST,ANNA NAGAR EAST,13:30,2026-01-13T12:54:17.743475
101,101,POONAMALLEE B.S,POONAMALLEE B.S,ANNA NAGAR EAST,ANNA NAGAR EAST,13:35,2026-01-13T12:54:17.743475
101,101,POONAMALLEE B.S,POONAMALLEE B.S,ANNA NAGAR EAST,ANNA NAGAR EAST,13:40,2026-01-13T12:54:17.743475
101,101,POONAMALLEE B.S,POONAMALLEE B.S,ANNA NAGAR EAST,ANNA NAGAR EAST,13:55,2026-01-13T12:54:17.743475
101,101,POONAMALLEE B.S,POONAMALLEE B.S,ANNA NAGAR EAST,ANNA NAGAR EAST,14:00,2026-01-13T12:54:17.743475
101,101,POONAMALLEE B.S,POONAMALLEE B.S,ANNA NAGAR EAST,ANNA NAGAR EAST,14:05,2026-01-13T12:54:17.743475
101,101,POONAMALLEE B.S,POONAMALLEE B.S,ANNA NAGAR EAST,ANNA NAGAR EAST,14:10,2026-01-13T12:54:17.743475
101,101,POONAMALLEE B.S,POONAMALLEE B.S,ANNA NAGAR EAST,ANNA NAGAR EAST,14:15,2026-01-13T12:54:17.743475
101,101,POONAMALLEE B.S,POONAMALLEE B.S,ANNA NAGAR EAST,ANNA NAGAR EAST,14:20,2026-01-13T12:54:17.743475
101,101,POONAMALLEE B.S,POONAMALLEE B.S,ANNA NAGAR EAST,ANNA NAGAR EAST,14:25,2026-01-13T12:54:17.743475
101,101,POONAMALLEE B.S,POONAMALLEE B.S,ANNA NAGAR EAST,ANNA NAGAR EAST,14:30,2026-01-13T12:54:17.743475
101,101,POONAMALLEE B.S,POONAMALLEE B.S,ANNA NAGAR EAST,ANNA NAGAR EAST,14:35,2026-01-13T12:54:17.743475
101,101,POONAMALLEE B.S,POONAMALLEE B.S,ANNA NAGAR EAST,ANNA NAGAR EAST,14:40,2026-01-13T12:54:17.743475
101,101,POONAMALLEE B.S,POONAMALLEE B.S,ANNA NAGAR EAST,ANNA NAGAR EAST,14:45,2026-01-13T12:54:17.743475
101,101,POONAMALLEE B.S,POONAMALLEE B.S,ANNA NAGAR EAST,ANNA NAGAR EAST,14:55,2026-01-13T12:54:17.743475
101,101,POONAMALLEE B.S,POONAMALLEE B.S,ANNA NAGAR EAST,ANNA NAGAR EAST,15:00,2026-01-13T12:54:17.743475
101,101,POONAMALLEE B.S,POONAMALLEE B.S,ANNA NAGAR EAST,ANNA NAGAR EAST,15:05,2026-01-13T12:54:17.743475
101,101,POONAMALLEE B.S,POONAMALLEE B.S,ANNA NAGAR EAST,ANNA NAGAR EAST,15:15,2026-01-13T12:54:17.743475
101,101,POONAMALLEE B.S,POONAMALLEE B.S,ANNA NAGAR EAST,ANNA NAGAR EAST,15:25,2026-01-13T12:54:17.743475
101,101,POONAMALLEE B.S,POONAMALLEE B.S,ANNA NAGAR EAST,ANNA NAGAR EAST,15:30,2026-01-13T12:54:17.743475
101,101,POONAMALLEE B.S,POONAMALLEE B.S,ANNA NAGAR EAST,ANNA NAGAR EAST,15:35,2026-01-13T12:54:17.743475
101,101,POONAMALLEE B.S,POONAMALLEE B.S,ANNA NAGAR EAST,ANNA NAGAR EAST,15:45,2026-01-13T12:54:17.743475
101,101,POONAMALLEE B.S,POONAMALLEE B.S,ANNA NAGAR EAST,ANNA NAGAR EAST,15:50,2026-01-13T12:54:17.743475
101,101,POONAMALLEE B.S,POONAMALLEE B.S,ANNA NAGAR EAST,ANNA NAGAR EAST,15:55,2026-01-13T12:54:17.743475
101,101,POONAMALLEE B.S,POONAMALLEE B.S,ANNA NAGAR EAST,ANNA NAGAR EAST,16:00,2026-01-13T12:54:17.743475
101,101,POONAMALLEE B.S,POONAMALLEE B.S,ANNA NAGAR EAST,ANNA NAGAR EAST,16:10,2026-01-13T12:54:17.743475
101,101,POONAMALLEE B.S,POONAMALLEE B.S,ANNA NAGAR EAST,ANNA NAGAR EAST,16:15,2026-01-13T12:54:17.743475
101,101,POONAMALLEE B.S,POONAMALLEE B.S,ANNA NAGAR EAST,ANNA NAGAR EAST,16:20,2026-01-13T12:54:17.743475
101,101,POONAMALLEE B.S,POONAMALLEE B.S,ANNA NAGAR EAST,ANNA NAGAR EAST,16:25,2026-01-13T12:54:17.743475
101,101,POONAMALLEE B.S,POONAMALLEE B.S,ANNA NAGAR EAST,ANNA NAGAR EAST,16:30,2026-01-13T12:54:17.743475
101,101,POONAMALLEE B.S,POONAMALLEE B.S,ANNA NAGAR EAST,ANNA NAGAR EAST,16:35,2026-01-13T12:54:17.743475
101,101,POONAMALLEE B.S,POONAMALLEE B.S,ANNA NAGAR EAST,ANNA NAGAR EAST,16:40,2026-01-13T12:54:17.743475
101,101,POONAMALLEE B.S,POONAMALLEE B.S,ANNA NAGAR EAST,ANNA NAGAR EAST,16:45,2026-01-13T12:54:17.743475
101,101,POONAMALLEE B.S,POONAMALLEE B.S,ANNA NAGAR EAST,ANNA NAGAR EAST,16:50,2026-01-13T12:54:17.743475
101,101,POONAMALLEE B.S,POONAMALLEE B.S,ANNA NAGAR EAST,ANNA NAGAR EAST,17:05,2026-01-13T12:54:17.743475
101,101,POONAMALLEE B.S,POONAMALLEE B.S,ANNA NAGAR EAST,ANNA NAGAR EAST,17:10,2026-01-13T12:54:17.743475
101,101,POONAMALLEE B.S,POONAMALLEE B.S,ANNA NAGAR EAST,ANNA NAGAR EAST,17:15,2026-01-13T12:54:17.743475
101,101,POONAMALLEE B.S,POONAMALLEE B.S,ANNA NAGAR EAST,ANNA NAGAR EAST,17:20,2026-01-13T12:54:17.743475
101,101,POONAMALLEE B.S,POONAMALLEE B.S,ANNA NAGAR EAST,ANNA NAGAR EAST,17:23,2026-01-13T12:54:17.743475
101,101,POONAMALLEE B.S,POONAMALLEE B.S,ANNA NAGAR EAST,ANNA NAGAR EAST,17:30,2026-01-13T12:54:17.743475
101,101,POONAMALLEE B.S,POONAMALLEE B.S,ANNA NAGAR EAST,ANNA NAGAR EAST,17:35,2026-01-13T12:54:17.743475
101,101,POONAMALLEE B.S,POONAMALLEE B.S,ANNA NAGAR EAST,ANNA NAGAR EAST,17:40,2026-01-13T12:54:17.743475
101,101,POONAMALLEE B.S,POONAMALLEE B.S,ANNA NAGAR EAST,ANNA NAGAR EAST,17:45,2026-01-13T12:54:17.743475
101,101,POONAMALLEE B.S,POONAMALLEE B.S,ANNA NAGAR EAST,ANNA NAGAR EAST,17:50,2026-01-13T12:54:17.743475
101,101,POONAMALLEE B.S,POONAMALLEE B.S,ANNA NAGAR EAST,ANNA NAGAR EAST,18:00,2026-01-13T12:54:17.743475
101,101,POONAMALLEE B.S,POONAMALLEE B.S,ANNA NAGAR EAST,ANNA NAGAR EAST,18:10,2026-01-13T12:54:17.743475
101,101,POONAMALLEE B.S,POONAMALLEE B.S,ANNA NAGAR EAST,ANNA NAGAR EAST,18:15,2026-01-13T12:54:17.743475
101,101,POONAMALLEE B.S,POONAMALLEE B.S,ANNA NAGAR EAST,ANNA NAGAR EAST,18:35,2026-01-13T12:54:17.743475
101,101,POONAMALLEE B.S,POONAMALLEE B.S,ANNA NAGAR EAST,ANNA NAGAR EAST,18:40,2026-01-13T12:54:17.743475
101,101,POONAMALLEE B.S,POONAMALLEE B.S,ANNA NAGAR EAST,ANNA NAGAR EAST,18:50,2026-01-13T12:54:17.743475
101,101,POONAMALLEE B.S,POONAMALLEE B.S,ANNA NAGAR EAST,ANNA NAGAR EAST,18:55,2026-01-13T12:54:17.743475
101,101,POONAMALLEE B.S,POONAMALLEE B.S,ANNA NAGAR EAST,ANNA NAGAR EAST,19:00,2026-01-13T12:54:17.743475
101,101,POONAMALLEE B.S,POONAMALLEE B.S,ANNA NAGAR EAST,ANNA NAGAR EAST,19:15,2026-01-13T12:54:17.743475
101,101,POONAMALLEE B.S,POONAMALLEE B.S,ANNA NAGAR EAST,ANNA NAGAR EAST,19:20,2026-01-13T12:54:17.743475
101,101,POONAMALLEE B.S,POONAMALLEE B.S,ANNA NAGAR EAST,ANNA NAGAR EAST,19:25,2026-01-13T12:54:17.743475
101,101,POONAMALLEE B.S,POONAMALLEE B.S,ANNA NAGAR EAST,ANNA NAGAR EAST,19:30,2026-01-13T12:54:17.743475
101,101,POONAMALLEE B.S,POONAMALLEE B.S,ANNA NAGAR EAST,ANNA NAGAR EAST,19:35,2026-01-13T12:54:17.743475
101,101,POONAMALLEE B.S,POONAMALLEE B.S,ANNA NAGAR EAST,ANNA NAGAR EAST,19:37,2026-01-13T12:54:17.743475
101,101,POONAMALLEE B.S,POONAMALLEE B.S,ANNA NAGAR EAST,ANNA NAGAR EAST,19:45,2026-01-13T12:54:17.743475
101,101,POONAMALLEE B.S,POONAMALLEE B.S,ANNA NAGAR EAST,ANNA NAGAR EAST,19:50,2026-01-13T12:54:17.743475
101,101,POONAMALLEE B.S,POONAMALLEE B.S,ANNA NAGAR EAST,ANNA NAGAR EAST,19:55,2026-01-13T12:54:17.743475
101,101,POONAMALLEE B.S,POONAMALLEE B.S,ANNA NAGAR EAST,ANNA NAGAR EAST,20:15,2026-01-13T12:54:17.743475
101,101,POONAMALLEE B.S,POONAMALLEE B.S,ANNA NAGAR EAST,ANNA NAGAR EAST,20:20,2026-01-13T12:54:17.743475
101,101,POONAMALLEE B.S,POONAMALLEE B.S,ANNA NAGAR EAST,ANNA NAGAR EAST,20:25,2026-01-13T12:54:17.743475
101,101,POONAMALLEE B.S,POONAMALLEE B.S,ANNA NAGAR EAST,ANNA NAGAR EAST,20:30,2026-01-13T12:54:17.743475
101,101,POONAMALLEE B.S,POONAMALLEE B.S,ANNA NAGAR EAST,ANNA NAGAR EAST,20:35,2026-01-13T12:54:17.743475
101,101,POONAMALLEE B.S,POONAMALLEE B.S,ANNA NAGAR EAST,ANNA NAGAR EAST,20:40,2026-01-13T12:54:17.743475
101,101,POONAMALLEE B.S,POONAMALLEE B.S,ANNA NAGAR EAST,ANNA NAGAR EAST,20:45,2026-01-13T12:54:17.743475
101,101,POONAMALLEE B.S,POONAMALLEE B.S,ANNA NAGAR EAST,ANNA NAGAR EAST,20:50,2026-01-13T12:54:17.743475
101,101,POONAMALLEE B.S,POONAMALLEE B.S,ANNA NAGAR EAST,ANNA NAGAR EAST,21:00,2026-01-13T12:54:17.743475
101,101,POONAMALLEE B.S,POONAMALLEE B.S,ANNA NAGAR EAST,ANNA NAGAR EAST,21:10,2026-01-13T12:54:17.743475
101,101,POONAMALLEE B.S,POONAMALLEE B.S,ANNA NAGAR EAST,ANNA NAGAR EAST,21:15,2026-01-13T12:54:17.743475
101,101,POONAMALLEE B.S,POONAMALLEE B.S,ANNA NAGAR EAST,ANNA NAGAR EAST,21:30,2026-01-13T12:54:17.743475
101,101,POONAMALLEE B.S,POONAMALLEE B.S,ANNA NAGAR EAST,ANNA NAGAR EAST,21:35,2026-01-13T12:54:17.743475
101,101,POONAMALLEE B.S,POONAMALLEE B.S,ANNA NAGAR EAST,ANNA NAGAR EAST,21:40,2026-01-13T12:54:17.743475
101,101,POONAMALLEE B.S,POONAMALLEE B.S,ANNA NAGAR EAST,ANNA NAGAR EAST,21:45,2026-01-13T12:54:17.743475
101,101,POONAMALLEE B.S,POONAMALLEE B.S,ANNA NAGAR EAST,ANNA NAGAR EAST,21:50,2026-01-13T12:54:17.743475
101,101,POONAMALLEE B.S,POONAMALLEE B.S,ANNA NAGAR EAST,ANNA NAGAR EAST,22:30,2026-01-13T12:54:17.743475
101,101,POONAMALLEE B.S,POONAMALLEE B.S,ANNA NAGAR EAST,ANNA NAGAR EAST,23:05,2026-01-13T12:54:17.743475
101,101,POONAMALLEE B.S,POONAMALLEE B.S,ANNA NAGAR EAST,ANNA NAGAR EAST,23:50,2026-01-13T12:54:17.743475
101,101,POONAMALLEE B.S,POONAMALLEE B.S,THIRUVOTRIYUR,THIRUVOTRIYUR,00:30,2026-01-13T12:54:40.121613
101,101,POONAMALLEE B.S,POONAMALLEE B.S,THIRUVOTRIYUR,THIRUVOTRIYUR,01:10,2026-01-13T12:54:40.121613
101,101,POONAMALLEE B.S,POONAMALLEE B.S,THIRUVOTRIYUR,THIRUVOTRIYUR,02:05,2026-01-13T12:54:40.121613
101,101,POONAMALLEE B.S,POONAMALLEE B.S,THIRUVOTRIYUR,THIRUVOTRIYUR,02:30,2026-01-13T12:54:40.121613
101,101,POONAMALLEE B.S,POONAMALLEE B.S,THIRUVOTRIYUR,THIRUVOTRIYUR,05:05,2026-01-13T12:54:40.121613
101,101,POONAMALLEE B.S,POONAMALLEE B.S,THIRUVOTRIYUR,THIRUVOTRIYUR,05:25,2026-01-13T12:54:40.121613
101,101,POONAMALLEE B.S,POONAMALLEE B.S,THIRUVOTRIYUR,THIRUVOTRIYUR,05:55,2026-01-13T12:54:40.121613
101,101,POONAMALLEE B.S,POONAMALLEE B.S,THIRUVOTRIYUR,THIRUVOTRIYUR,06:05,2026-01-13T12:54:40.121613
101,101,POONAMALLEE B.S,POONAMALLEE B.S,THIRUVOTRIYUR,THIRUVOTRIYUR,06:15,2026-01-13T12:54:40.121613
101,101,POONAMALLEE B.S,POONAMALLEE B.S,THIRUVOTRIYUR,THIRUVOTRIYUR,06:20,2026-01-13T12:54:40.121613
101,101,POONAMALLEE B.S,POONAMALLEE B.S,THIRUVOTRIYUR,THIRUVOTRIYUR,06:25,2026-01-13T12:54:40.121613
101,101,POONAMALLEE B.S,POONAMALLEE B.S,THIRUVOTRIYUR,THIRUVOTRIYUR,06:40,2026-01-13T12:54:40.121613
101,101,POONAMALLEE B.S,POONAMALLEE B.S,THIRUVOTRIYUR,THIRUVOTRIYUR,06:50,2026-01-13T12:54:40.121613
101,101,POONAMALLEE B.S,POONAMALLEE B.S,THIRUVOTRIYUR,THIRUVOTRIYUR,06:55,2026-01-13T12:54:40.121613
101,101,POONAMALLEE B.S,POONAMALLEE B.S,THIRUVOTRIYUR,THIRUVOTRIYUR,07:20,2026-01-13T12:54:40.121613
101,101,POONAMALLEE B.S,POONAMALLEE B.S,THIRUVOTRIYUR,THIRUVOTRIYUR,07:25,2026-01-13T12:54:40.121613
101,101,POONAMALLEE B.S,POONAMALLEE B.S,THIRUVOTRIYUR,THIRUVOTRIYUR,07:30,2026-01-13T12:54:40.121613
101,101,POONAMALLEE B.S,POONAMALLEE B.S,THIRUVOTRIYUR,THIRUVOTRIYUR,07:35,2026-01-13T12:54:40.121613
101,101,POONAMALLEE B.S,POONAMALLEE B.S,THIRUVOTRIYUR,THIRUVOTRIYUR,07:40,2026-01-13T12:54:40.121613
101,101,POONAMALLEE B.S,POONAMALLEE B.S,THIRUVOTRIYUR,THIRUVOTRIYUR,07:55,2026-01-13T12:54:40.121613
101,101,POONAMALLEE B.S,POONAMALLEE B.S,THIRUVOTRIYUR,THIRUVOTRIYUR,08:10,2026-01-13T12:54:40.121613
101,101,POONAMALLEE B.S,POONAMALLEE B.S,THIRUVOTRIYUR,THIRUVOTRIYUR,08:30,2026-01-13T12:54:40.121613
101,101,POONAMALLEE B.S,POONAMALLEE B.S,THIRUVOTRIYUR,THIRUVOTRIYUR,08:45,2026-01-13T12:54:40.121613
101,101,POONAMALLEE B.S,POONAMALLEE B.S,THIRUVOTRIYUR,THIRUVOTRIYUR,09:00,2026-01-13T12:54:40.121613
101,101,POONAMALLEE B.S,POONAMALLEE B.S,THIRUVOTRIYUR,THIRUVOTRIYUR,09:15,2026-01-13T12:54:40.121613
101,101,POONAMALLEE B.S,POONAMALLEE B.S,THIRUVOTRIYUR,THIRUVOTRIYUR,09:25,2026-01-13T12:54:40.121613
101,101,POONAMALLEE B.S,POONAMALLEE B.S,THIRUVOTRIYUR,THIRUVOTRIYUR,09:35,2026-01-13T12:54:40.121613
101,101,POONAMALLEE B.S,POONAMALLEE B.S,THIRUVOTRIYUR,THIRUVOTRIYUR,09:55,2026-01-13T12:54:40.121613
101,101,POONAMALLEE B.S,POONAMALLEE B.S,THIRUVOTRIYUR,THIRUVOTRIYUR,10:00,2026-01-13T12:54:40.121613
101,101,POONAMALLEE B.S,POONAMALLEE B.S,THIRUVOTRIYUR,THIRUVOTRIYUR,10:05,2026-01-13T12:54:40.121613
101,101,POONAMALLEE B.S,POONAMALLEE B.S,THIRUVOTRIYUR,THIRUVOTRIYUR,10:15,2026-01-13T12:54:40.121613
101,101,POONAMALLEE B.S,POONAMALLEE B.S,THIRUVOTRIYUR,THIRUVOTRIYUR,10:20,2026-01-13T12:54:40.121613
101,101,POONAMALLEE B.S,POONAMALLEE B.S,THIRUVOTRIYUR,THIRUVOTRIYUR,10:25,2026-01-13T12:54:40.121613
101,101,POONAMALLEE B.S,POONAMALLEE B.S,THIRUVOTRIYUR,THIRUVOTRIYUR,10:35,2026-01-13T12:54:40.121613
101,101,POONAMALLEE B.S,POONAMALLEE B.S,THIRUVOTRIYUR,THIRUVOTRIYUR,10:45,2026-01-13T12:54:40.121613
101,101,POONAMALLEE B.S,POONAMALLEE B.S,THIRUVOTRIYUR,THIRUVOTRIYUR,10:50,2026-01-13T12:54:40.121613
101,101,POONAMALLEE B.S,POONAMALLEE B.S,THIRUVOTRIYUR,THIRUVOTRIYUR,10:55,2026-01-13T12:54:40.121613
101,101,POONAMALLEE B.S,POONAMALLEE B.S,THIRUVOTRIYUR,THIRUVOTRIYUR,11:05,2026-01-13T12:54:40.121613
101,101,POONAMALLEE B.S,POONAMALLEE B.S,THIRUVOTRIYUR,THIRUVOTRIYUR,11:20,2026-01-13T12:54:40.121613
101,101,POONAMALLEE B.S,POONAMALLEE B.S,THIRUVOTRIYUR,THIRUVOTRIYUR,11:35,2026-01-13T12:54:40.121613
101,101,POONAMALLEE B.S,POONAMALLEE B.S,THIRUVOTRIYUR,THIRUVOTRIYUR,11:40,2026-01-13T12:54:40.121613
101,101,POONAMALLEE B.S,POONAMALLEE B.S,THIRUVOTRIYUR,THIRUVOTRIYUR,11:50,2026-01-13T12:54:40.121613
101,101,POONAMALLEE B.S,POONAMALLEE B.S,THIRUVOTRIYUR,THIRUVOTRIYUR,12:05,2026-01-13T12:54:40.121613
101,101,POONAMALLEE B.S,POONAMALLEE B.S,THIRUVOTRIYUR,THIRUVOTRIYUR,12:15,2026-01-13T12:54:40.121613
101,101,POONAMALLEE B.S,POONAMALLEE B.S,THIRUVOTRIYUR,THIRUVOTRIYUR,12:20,2026-01-13T12:54:40.121613
101,101,POONAMALLEE B.S,POONAMALLEE B.S,THIRUVOTRIYUR,THIRUVOTRIYUR,12:30,2026-01-13T12:54:40.121613
101,101,POONAMALLEE B.S,POONAMALLEE B.S,THIRUVOTRIYUR,THIRUVOTRIYUR,12:50,2026-01-13T12:54:40.121613
101,101,POONAMALLEE B.S,POONAMALLEE B.S,THIRUVOTRIYUR,THIRUVOTRIYUR,13:10,2026-01-13T12:54:40.121613
101,101,POONAMALLEE B.S,POONAMALLEE B.S,THIRUVOTRIYUR,THIRUVOTRIYUR,13:25,2026-01-13T12:54:40.121613
101,101,POONAMALLEE B.S,POONAMALLEE B.S,THIRUVOTRIYUR,THIRUVOTRIYUR,13:55,2026-01-13T12:54:40.121613
101,101,POONAMALLEE B.S,POONAMALLEE B.S,THIRUVOTRIYUR,THIRUVOTRIYUR,14:00,2026-01-13T12:54:40.121613
101,101,POONAMALLEE B.S,POONAMALLEE B.S,THIRUVOTRIYUR,THIRUVOTRIYUR,14:10,2026-01-13T12:54:40.121613
101,101,POONAMALLEE B.S,POONAMALLEE B.S,THIRUVOTRIYUR,THIRUVOTRIYUR,14:25,2026-01-13T12:54:40.121613
101,101,POONAMALLEE B.S,POONAMALLEE B.S,THIRUVOTRIYUR,THIRUVOTRIYUR,14:35,2026-01-13T12:54:40.121613
101,101,POONAMALLEE B.S,POONAMALLEE B.S,THIRUVOTRIYUR,THIRUVOTRIYUR,14:45,2026-01-13T12:54:40.121613
101,101,POONAMALLEE B.S,POONAMALLEE B.S,THIRUVOTRIYUR,THIRUVOTRIYUR,14:55,2026-01-13T12:54:40.121613
101,101,POONAMALLEE B.S,POONAMALLEE B.S,THIRUVOTRIYUR,THIRUVOTRIYUR,15:00,2026-01-13T12:54:40.121613
101,101,POONAMALLEE B.S,POONAMALLEE B.S,THIRUVOTRIYUR,THIRUVOTRIYUR,15:05,2026-01-13T12:54:40.121613
101,101,POONAMALLEE B.S,POONAMALLEE B.S,THIRUVOTRIYUR,THIRUVOTRIYUR,15:15,2026-01-13T12:54:40.121613
101,101,POONAMALLEE B.S,POONAMALLEE B.S,THIRUVOTRIYUR,THIRUVOTRIYUR,15:25,2026-01-13T12:54:40.121613
101,101,POONAMALLEE B.S,POONAMALLEE B.S,THIRUVOTRIYUR,THIRUVOTRIYUR,15:35,2026-01-13T12:54:40.121613
101,101,POONAMALLEE B.S,POONAMALLEE B.S,THIRUVOTRIYUR,THIRUVOTRIYUR,15:50,2026-01-13T12:54:40.121613
101,101,POONAMALLEE B.S,POONAMALLEE B.S,THIRUVOTRIYUR,THIRUVOTRIYUR,15:55,2026-01-13T12:54:40.121613
101,101,POONAMALLEE B.S,POONAMALLEE B.S,THIRUVOTRIYUR,THIRUVOTRIYUR,16:00,2026-01-13T12:54:40.121613
101,101,POONAMALLEE B.S,POONAMALLEE B.S,THIRUVOTRIYUR,THIRUVOTRIYUR,16:10,2026-01-13T12:54:40.121613
101,101,POONAMALLEE B.S,POONAMALLEE B.S,THIRUVOTRIYUR,THIRUVOTRIYUR,16:15,2026-01-13T12:54:40.121613
101,101,POONAMALLEE B.S,POONAMALLEE B.S,THIRUVOTRIYUR,THIRUVOTRIYUR,16:25,2026-01-13T12:54:40.121613
101,101,POONAMALLEE B.S,POONAMALLEE B.S,THIRUVOTRIYUR,THIRUVOTRIYUR,16:30,2026-01-13T12:54:40.121613
101,101,POONAMALLEE B.S,POONAMALLEE B.S,THIRUVOTRIYUR,THIRUVOTRIYUR,16:35,2026-01-13T12:54:40.121613
101,101,POONAMALLEE B.S,POONAMALLEE B.S,THIRUVOTRIYUR,THIRUVOTRIYUR,16:40,2026-01-13T12:54:40.121613
101,101,POONAMALLEE B.S,POONAMALLEE B.S,THIRUVOTRIYUR,THIRUVOTRIYUR,16:45,2026-01-13T12:54:40.121613
101,101,POONAMALLEE B.S,POONAMALLEE B.S,THIRUVOTRIYUR,THIRUVOTRIYUR,16:50,2026-01-13T12:54:40.121613
101,101,POONAMALLEE B.S,POONAMALLEE B.S,THIRUVOTRIYUR,THIRUVOTRIYUR,17:05,2026-01-13T12:54:40.121613
101,101,POONAMALLEE B.S,POONAMALLEE B.S,THIRUVOTRIYUR,THIRUVOTRIYUR,17:10,2026-01-13T12:54:40.121613
101,101,POONAMALLEE B.S,POONAMALLEE B.S,THIRUVOTRIYUR,THIRUVOTRIYUR,17:15,2026-01-13T12:54:40.121613
101,101,POONAMALLEE B.S,POONAMALLEE B.S,THIRUVOTRIYUR,THIRUVOTRIYUR,17:20,2026-01-13T12:54:40.121613
101,101,POONAMALLEE B.S,POONAMALLEE B.S,THIRUVOTRIYUR,THIRUVOTRIYUR,17:23,2026-01-13T12:54:40.121613
101,101,POONAMALLEE B.S,POONAMALLEE B.S,THIRUVOTRIYUR,THIRUVOTRIYUR,17:35,2026-01-13T12:54:40.121613
101,101,POONAMALLEE B.S,POONAMALLEE B.S,THIRUVOTRIYUR,THIRUVOTRIYUR,17:40,2026-01-13T12:54:40.121613
101,101,POONAMALLEE B.S,POONAMALLEE B.S,THIRUVOTRIYUR,THIRUVOTRIYUR,17:45,2026-01-13T12:54:40.121613
101,101,POONAMALLEE B.S,POONAMALLEE B.S,THIRUVOTRIYUR,THIRUVOTRIYUR,18:15,2026-01-13T12:54:40.121613
101,101,POONAMALLEE B.S,POONAMALLEE B.S,THIRUVOTRIYUR,THIRUVOTRIYUR,18:35,2026-01-13T12:54:40.121613
101,101,POONAMALLEE B.S,POONAMALLEE B.S,THIRUVOTRIYUR,THIRUVOTRIYUR,18:40,2026-01-13T12:54:40.121613
101,101,POONAMALLEE B.S,POONAMALLEE B.S,THIRUVOTRIYUR,THIRUVOTRIYUR,18:50,2026-01-13T12:54:40.121613
101,101,POONAMALLEE B.S,POONAMALLEE B.S,THIRUVOTRIYUR,THIRUVOTRIYUR,18:55,2026-01-13T12:54:40.121613
101,101,POONAMALLEE B.S,POONAMALLEE B.S,THIRUVOTRIYUR,THIRUVOTRIYUR,19:00,2026-01-13T12:54:40.121613
101,101,POONAMALLEE B.S,POONAMALLEE B.S,THIRUVOTRIYUR,THIRUVOTRIYUR,19:30,2026-01-13T12:54:40.121613
101,101,POONAMALLEE B.S,POONAMALLEE B.S,THIRUVOTRIYUR,THIRUVOTRIYUR,20:20,2026-01-13T12:54:40.121613
101,101,POONAMALLEE B.S,POONAMALLEE B.S,THIRUVOTRIYUR,THIRUVOTRIYUR,20:50,2026-01-13T12:54:40.121613
101,101,POONAMALLEE B.S,POONAMALLEE B.S,THIRUVOTRIYUR,THIRUVOTRIYUR,21:50,2026-01-13T12:54:40.121613
101,101,POONAMALLEE B.S,POONAMALLEE B.S,THIRUVOTRIYUR,THIRUVOTRIYUR,22:30,2026-01-13T12:54:40.121613
101,101,POONAMALLEE B.S,POONAMALLEE B.S,THIRUVOTRIYUR,THIRUVOTRIYUR,23:05,2026-01-13T12:54:40.121613
101,101,POONAMALLEE B.S,POONAMALLEE B.S,THIRUVOTRIYUR,THIRUVOTRIYUR,23:50,2026-01-13T12:54:40.121613
101,101,THIRUVOTRIYUR,THIRUVOTRIYUR,BROADWAY,BROADWAY,00:35,2026-01-13T12:54:53.737447
101,101,THIRUVOTRIYUR,THIRUVOTRIYUR,BROADWAY,BROADWAY,01:10,2026-01-13T12:54:53.737447
101,101,THIRUVOTRIYUR,THIRUVOTRIYUR,BROADWAY,BROADWAY,01:55,2026-01-13T12:54:53.737447
101,101,THIRUVOTRIYUR,THIRUVOTRIYUR,BROADWAY,BROADWAY,02:30,2026-01-13T12:54:53.737447
101,101,THIRUVOTRIYUR,THIRUVOTRIYUR,BROADWAY,BROADWAY,03:10,2026-01-13T12:54:53.737447
101,101,THIRUVOTRIYUR,THIRUVOTRIYUR,BROADWAY,BROADWAY,04:00,2026-01-13T12:54:53.737447
101,101,THIRUVOTRIYUR,THIRUVOTRIYUR,BROADWAY,BROADWAY,04:10,2026-01-13T12:54:53.737447
101,101,THIRUVOTRIYUR,THIRUVOTRIYUR,BROADWAY,BROADWAY,04:20,2026-01-13T12:54:53.737447
101,101,THIRUVOTRIYUR,THIRUVOTRIYUR,BROADWAY,BROADWAY,05:22,2026-01-13T12:54:53.737447
101,101,THIRUVOTRIYUR,THIRUVOTRIYUR,BROADWAY,BROADWAY,05:30,2026-01-13T12:54:53.737447
101,101,THIRUVOTRIYUR,THIRUVOTRIYUR,BROADWAY,BROADWAY,05:35,2026-01-13T12:54:53.737447
101,101,THIRUVOTRIYUR,THIRUVOTRIYUR,BROADWAY,BROADWAY,05:38,2026-01-13T12:54:53.737447
101,101,THIRUVOTRIYUR,THIRUVOTRIYUR,BROADWAY,BROADWAY,05:45,2026-01-13T12:54:53.737447
101,101,THIRUVOTRIYUR,THIRUVOTRIYUR,BROADWAY,BROADWAY,05:54,2026-01-13T12:54:53.737447
101,101,THIRUVOTRIYUR,THIRUVOTRIYUR,BROADWAY,BROADWAY,06:00,2026-01-13T12:54:53.737447
101,101,THIRUVOTRIYUR,THIRUVOTRIYUR,BROADWAY,BROADWAY,06:20,2026-01-13T12:54:53.737447
101,101,THIRUVOTRIYUR,THIRUVOTRIYUR,BROADWAY,BROADWAY,06:26,2026-01-13T12:54:53.737447
101,101,THIRUVOTRIYUR,THIRUVOTRIYUR,BROADWAY,BROADWAY,06:35,2026-01-13T12:54:53.737447
101,101,THIRUVOTRIYUR,THIRUVOTRIYUR,BROADWAY,BROADWAY,06:40,2026-01-13T12:54:53.737447
101,101,THIRUVOTRIYUR,THIRUVOTRIYUR,BROADWAY,BROADWAY,06:45,2026-01-13T12:54:53.737447
101,101,THIRUVOTRIYUR,THIRUVOTRIYUR,BROADWAY,BROADWAY,07:00,2026-01-13T12:54:53.737447
101,101,THIRUVOTRIYUR,THIRUVOTRIYUR,BROADWAY,BROADWAY,07:10,2026-01-13T12:54:53.737447
101,101,THIRUVOTRIYUR,THIRUVOTRIYUR,BROADWAY,BROADWAY,07:20,2026-01-13T12:54:53.737447
101,101,THIRUVOTRIYUR,THIRUVOTRIYUR,BROADWAY,BROADWAY,07:32,2026-01-13T12:54:53.737447
101,101,THIRUVOTRIYUR,THIRUVOTRIYUR,BROADWAY,BROADWAY,07:40,2026-01-13T12:54:53.737447
101,101,THIRUVOTRIYUR,THIRUVOTRIYUR,BROADWAY,BROADWAY,07:45,2026-01-13T12:54:53.737447
101,101,THIRUVOTRIYUR,THIRUVOTRIYUR,BROADWAY,BROADWAY,07:52,2026-01-13T12:54:53.737447
101,101,THIRUVOTRIYUR,THIRUVOTRIYUR,BROADWAY,BROADWAY,08:00,2026-01-13T12:54:53.737447
101,101,THIRUVOTRIYUR,THIRUVOTRIYUR,BROADWAY,BROADWAY,08:05,2026-01-13T12:54:53.737447
101,101,THIRUVOTRIYUR,THIRUVOTRIYUR,BROADWAY,BROADWAY,08:15,2026-01-13T12:54:53.737447
101,101,THIRUVOTRIYUR,THIRUVOTRIYUR,BROADWAY,BROADWAY,08:20,2026-01-13T12:54:53.737447
101,101,THIRUVOTRIYUR,THIRUVOTRIYUR,BROADWAY,BROADWAY,08:25,2026-01-13T12:54:53.737447
101,101,THIRUVOTRIYUR,THIRUVOTRIYUR,BROADWAY,BROADWAY,08:35,2026-01-13T12:54:53.737447
101,101,THIRUVOTRIYUR,THIRUVOTRIYUR,BROADWAY,BROADWAY,08:40,2026-01-13T12:54:53.737447
101,101,THIRUVOTRIYUR,THIRUVOTRIYUR,BROADWAY,BROADWAY,08:50,2026-01-13T12:54:53.737447
101,101,THIRUVOTRIYUR,THIRUVOTRIYUR,BROADWAY,BROADWAY,09:05,2026-01-13T12:54:53.737447
101,101,THIRUVOTRIYUR,THIRUVOTRIYUR,BROADWAY,BROADWAY,09:15,2026-01-13T12:54:53.737447
101,101,THIRUVOTRIYUR,THIRUVOTRIYUR,BROADWAY,BROADWAY,09:30,2026-01-13T12:54:53.737447
101,101,THIRUVOTRIYUR,THIRUVOTRIYUR,BROADWAY,BROADWAY,09:40,2026-01-13T12:54:53.737447
101,101,THIRUVOTRIYUR,THIRUVOTRIYUR,BROADWAY,BROADWAY,09:45,2026-01-13T12:54:53.737447
101,101,THIRUVOTRIYUR,THIRUVOTRIYUR,BROADWAY,BROADWAY,09:50,2026-01-13T12:54:53.737447
101,101,THIRUVOTRIYUR,THIRUVOTRIYUR,BROADWAY,BROADWAY,09:55,2026-01-13T12:54:53.737447
101,101,THIRUVOTRIYUR,THIRUVOTRIYUR,BROADWAY,BROADWAY,10:00,2026-01-13T12:54:53.737447
101,101,THIRUVOTRIYUR,THIRUVOTRIYUR,BROADWAY,BROADWAY,10:05,2026-01-13T12:54:53.737447
101,101,THIRUVOTRIYUR,THIRUVOTRIYUR,BROADWAY,BROADWAY,10:20,2026-01-13T12:54:53.737447
101,101,THIRUVOTRIYUR,THIRUVOTRIYUR,BROADWAY,BROADWAY,10:40,2026-01-13T12:54:53.737447
101,101,THIRUVOTRIYUR,THIRUVOTRIYUR,BROADWAY,BROADWAY,10:55,2026-01-13T12:54:53.737447
101,101,THIRUVOTRIYUR,THIRUVOTRIYUR,BROADWAY,BROADWAY,11:10,2026-01-13T12:54:53.737447
101,101,THIRUVOTRIYUR,THIRUVOTRIYUR,BROADWAY,BROADWAY,11:25,2026-01-13T12:54:53.737447
101,101,THIRUVOTRIYUR,THIRUVOTRIYUR,BROADWAY,BROADWAY,11:45,2026-01-13T12:54:53.737447
101,101,THIRUVOTRIYUR,THIRUVOTRIYUR,BROADWAY,BROADWAY,11:50,2026-01-13T12:54:53.737447
101,101,THIRUVOTRIYUR,THIRUVOTRIYUR,BROADWAY,BROADWAY,12:10,2026-01-13T12:54:53.737447
101,101,THIRUVOTRIYUR,THIRUVOTRIYUR,BROADWAY,BROADWAY,12:15,2026-01-13T12:54:53.737447
101,101,THIRUVOTRIYUR,THIRUVOTRIYUR,BROADWAY,BROADWAY,12:25,2026-01-13T12:54:53.737447
101,101,THIRUVOTRIYUR,THIRUVOTRIYUR,BROADWAY,BROADWAY,12:30,2026-01-13T12:54:53.737447
101,101,THIRUVOTRIYUR,THIRUVOTRIYUR,BROADWAY,BROADWAY,12:35,2026-01-13T12:54:53.737447
101,101,THIRUVOTRIYUR,THIRUVOTRIYUR,BROADWAY,BROADWAY,12:40,2026-01-13T12:54:53.737447
101,101,THIRUVOTRIYUR,THIRUVOTRIYUR,BROADWAY,BROADWAY,12:50,2026-01-13T12:54:53.737447
101,101,THIRUVOTRIYUR,THIRUVOTRIYUR,BROADWAY,BROADWAY,12:57,2026-01-13T12:54:53.737447
101,101,THIRUVOTRIYUR,THIRUVOTRIYUR,BROADWAY,BROADWAY,13:05,2026-01-13T12:54:53.737447
101,101,THIRUVOTRIYUR,THIRUVOTRIYUR,BROADWAY,BROADWAY,13:10,2026-01-13T12:54:53.737447
101,101,THIRUVOTRIYUR,THIRUVOTRIYUR,BROADWAY,BROADWAY,13:15,2026-01-13T12:54:53.737447
101,101,THIRUVOTRIYUR,THIRUVOTRIYUR,BROADWAY,BROADWAY,13:20,2026-01-13T12:54:53.737447
101,101,THIRUVOTRIYUR,THIRUVOTRIYUR,BROADWAY,BROADWAY,13:25,2026-01-13T12:54:53.737447
101,101,THIRUVOTRIYUR,THIRUVOTRIYUR,BROADWAY,BROADWAY,13:48,2026-01-13T12:54:53.737447
101,101,THIRUVOTRIYUR,THIRUVOTRIYUR,BROADWAY,BROADWAY,13:55,2026-01-13T12:54:53.737447
101,101,THIRUVOTRIYUR,THIRUVOTRIYUR,BROADWAY,BROADWAY,13:58,2026-01-13T12:54:53.737447
101,101,THIRUVOTRIYUR,THIRUVOTRIYUR,BROADWAY,BROADWAY,14:00,2026-01-13T12:54:53.737447
101,101,THIRUVOTRIYUR,THIRUVOTRIYUR,BROADWAY,BROADWAY,14:05,2026-01-13T12:54:53.737447
101,101,THIRUVOTRIYUR,THIRUVOTRIYUR,BROADWAY,BROADWAY,14:10,2026-01-13T12:54:53.737447
101,101,THIRUVOTRIYUR,THIRUVOTRIYUR,BROADWAY,BROADWAY,14:25,2026-01-13T12:54:53.737447
101,101,THIRUVOTRIYUR,THIRUVOTRIYUR,BROADWAY,BROADWAY,14:37,2026-01-13T12:54:53.737447
101,101,THIRUVOTRIYUR,THIRUVOTRIYUR,BROADWAY,BROADWAY,14:45,2026-01-13T12:54:53.737447
101,101,THIRUVOTRIYUR,THIRUVOTRIYUR,BROADWAY,BROADWAY,14:50,2026-01-13T12:54:53.737447
101,101,THIRUVOTRIYUR,THIRUVOTRIYUR,BROADWAY,BROADWAY,15:00,2026-01-13T12:54:53.737447
101,101,THIRUVOTRIYUR,THIRUVOTRIYUR,BROADWAY,BROADWAY,15:20,2026-01-13T12:54:53.737447
101,101,THIRUVOTRIYUR,THIRUVOTRIYUR,BROADWAY,BROADWAY,15:30,2026-01-13T12:54:53.737447
101,101,THIRUVOTRIYUR,THIRUVOTRIYUR,BROADWAY,BROADWAY,15:40,2026-01-13T12:54:53.737447
101,101,THIRUVOTRIYUR,THIRUVOTRIYUR,BROADWAY,BROADWAY,15:55,2026-01-13T12:54:53.737447
101,101,THIRUVOTRIYUR,THIRUVOTRIYUR,BROADWAY,BROADWAY,16:00,2026-01-13T12:54:53.737447
101,101,THIRUVOTRIYUR,THIRUVOTRIYUR,BROADWAY,BROADWAY,16:20,2026-01-13T12:54:53.737447
101,101,THIRUVOTRIYUR,THIRUVOTRIYUR,BROADWAY,BROADWAY,16:25,2026-01-13T12:54:53.737447
101,101,THIRUVOTRIYUR,THIRUVOTRIYUR,BROADWAY,BROADWAY,16:35,2026-01-13T12:54:53.737447
101,101,THIRUVOTRIYUR,THIRUVOTRIYUR,BROADWAY,BROADWAY,16:50,2026-01-13T12:54:53.737447
101,101,THIRUVOTRIYUR,THIRUVOTRIYUR,BROADWAY,BROADWAY,16:57,2026-01-13T12:54:53.737447
101,101,THIRUVOTRIYUR,THIRUVOTRIYUR,BROADWAY,BROADWAY,17:10,2026-01-13T12:54:53.737447
101,101,THIRUVOTRIYUR,THIRUVOTRIYUR,BROADWAY,BROADWAY,17:12,2026-01-13T12:54:53.737447
101,101,THIRUVOTRIYUR,THIRUVOTRIYUR,BROADWAY,BROADWAY,17:17,2026-01-13T12:54:53.737447
101,101,THIRUVOTRIYUR,THIRUVOTRIYUR,BROADWAY,BROADWAY,17:25,2026-01-13T12:54:53.737447
101,101,THIRUVOTRIYUR,THIRUVOTRIYUR,BROADWAY,BROADWAY,17:30,2026-01-13T12:54:53.737447
101,101,THIRUVOTRIYUR,THIRUVOTRIYUR,BROADWAY,BROADWAY,17:35,2026-01-13T12:54:53.737447
101,101,THIRUVOTRIYUR,THIRUVOTRIYUR,BROADWAY,BROADWAY,17:40,2026-01-13T12:54:53.737447
101,101,THIRUVOTRIYUR,THIRUVOTRIYUR,BROADWAY,BROADWAY,17:55,2026-01-13T12:54:53.737447
101,101,THIRUVOTRIYUR,THIRUVOTRIYUR,BROADWAY,BROADWAY,18:00,2026-01-13T12:54:53.737447
101,101,THIRUVOTRIYUR,THIRUVOTRIYUR,BROADWAY,BROADWAY,18:08,2026-01-13T12:54:53.737447
101,101,THIRUVOTRIYUR,THIRUVOTRIYUR,BROADWAY,BROADWAY,18:10,2026-01-13T12:54:53.737447
101,101,THIRUVOTRIYUR,THIRUVOTRIYUR,BROADWAY,BROADWAY,18:15,2026-01-13T12:54:53.737447
101,101,THIRUVOTRIYUR,THIRUVOTRIYUR,BROADWAY,BROADWAY,18:25,2026-01-13T12:54:53.737447
101,101,THIRUVOTRIYUR,THIRUVOTRIYUR,BROADWAY,BROADWAY,18:30,2026-01-13T12:54:53.737447
101,101,THIRUVOTRIYUR,THIRUVOTRIYUR,BROADWAY,BROADWAY,18:35,2026-01-13T12:54:53.737447
101,101,THIRUVOTRIYUR,THIRUVOTRIYUR,BROADWAY,BROADWAY,18:40,2026-01-13T12:54:53.737447
101,101,THIRUVOTRIYUR,THIRUVOTRIYUR,BROADWAY,BROADWAY,18:45,2026-01-13T12:54:53.737447
101,101,THIRUVOTRIYUR,THIRUVOTRIYUR,BROADWAY,BROADWAY,18:50,2026-01-13T12:54:53.737447
101,101,THIRUVOTRIYUR,THIRUVOTRIYUR,BROADWAY,BROADWAY,18:57,2026-01-13T12:54:53.737447
101,101,THIRUVOTRIYUR,THIRUVOTRIYUR,BROADWAY,BROADWAY,19:10,2026-01-13T12:54:53.737447
101,101,THIRUVOTRIYUR,THIRUVOTRIYUR,BROADWAY,BROADWAY,19:17,2026-01-13T12:54:53.737447
101,101,THIRUVOTRIYUR,THIRUVOTRIYUR,BROADWAY,BROADWAY,19:25,2026-01-13T12:54:53.737447
101,101,THIRUVOTRIYUR,THIRUVOTRIYUR,BROADWAY,BROADWAY,19:30,2026-01-13T12:54:53.737447
101,101,THIRUVOTRIYUR,THIRUVOTRIYUR,BROADWAY,BROADWAY,19:35,2026-01-13T12:54:53.737447
101,101,THIRUVOTRIYUR,THIRUVOTRIYUR,BROADWAY,BROADWAY,19:47,2026-01-13T12:54:53.737447
101,101,THIRUVOTRIYUR,THIRUVOTRIYUR,BROADWAY,BROADWAY,19:55,2026-01-13T12:54:53.737447
101,101,THIRUVOTRIYUR,THIRUVOTRIYUR,BROADWAY,BROADWAY,20:00,2026-01-13T12:54:53.737447
101,101,THIRUVOTRIYUR,THIRUVOTRIYUR,BROADWAY,BROADWAY,20:10,2026-01-13T12:54:53.737447
101,101,THIRUVOTRIYUR,THIRUVOTRIYUR,BROADWAY,BROADWAY,20:20,2026-01-13T12:54:53.737447
101,101,THIRUVOTRIYUR,THIRUVOTRIYUR,BROADWAY,BROADWAY,20:40,2026-01-13T12:54:53.737447
101,101,THIRUVOTRIYUR,THIRUVOTRIYUR,BROADWAY,BROADWAY,20:50,2026-01-13T12:54:53.737447
101,101,THIRUVOTRIYUR,THIRUVOTRIYUR,BROADWAY,BROADWAY,20:55,2026-01-13T12:54:53.737447
101,101,THIRUVOTRIYUR,THIRUVOTRIYUR,BROADWAY,BROADWAY,21:10,2026-01-13T12:54:53.737447
101,101,THIRUVOTRIYUR,THIRUVOTRIYUR,BROADWAY,BROADWAY,21:20,2026-01-13T12:54:53.737447
101,101,THIRUVOTRIYUR,THIRUVOTRIYUR,BROADWAY,BROADWAY,21:35,2026-01-13T12:54:53.737447
101,101,THIRUVOTRIYUR,THIRUVOTRIYUR,BROADWAY,BROADWAY,22:25,2026-01-13T12:54:53.737447
101,101,THIRUVOTRIYUR,THIRUVOTRIYUR,BROADWAY,BROADWAY,23:00,2026-01-13T12:54:53.737447
101,101,THIRUVOTRIYUR,THIRUVOTRIYUR,M.G.R.KOYAMBEDU,M.G.R.KOYAMBEDU,03:10,2026-01-13T12:55:06.062726
101,101,THIRUVOTRIYUR,THIRUVOTRIYUR,M.G.R.KOYAMBEDU,M.G.R.KOYAMBEDU,04:00,2026-01-13T12:55:06.062726
101,101,THIRUVOTRIYUR,THIRUVOTRIYUR,M.G.R.KOYAMBEDU,M.G.R.KOYAMBEDU,04:20,2026-01-13T12:55:06.062726
101,101,THIRUVOTRIYUR,THIRUVOTRIYUR,M.G.R.KOYAMBEDU,M.G.R.KOYAMBEDU,13:10,2026-01-13T12:55:06.062726
101,101,THIRUVOTRIYUR,THIRUVOTRIYUR,M.G.R.KOYAMBEDU,M.G.R.KOYAMBEDU,13:58,2026-01-13T12:55:06.062726
101,101,THIRUVOTRIYUR,THIRUVOTRIYUR,M.G.R.KOYAMBEDU,M.G.R.KOYAMBEDU,14:45,2026-01-13T12:55:06.062726
101,101,THIRUVOTRIYUR,THIRUVOTRIYUR,M.G.R.KOYAMBEDU,M.G.R.KOYAMBEDU,18:35,2026-01-13T12:55:06.062726
101,101,THIRUVOTRIYUR,THIRUVOTRIYUR,M.G.R.KOYAMBEDU,M.G.R.KOYAMBEDU,18:45,2026-01-13T12:55:06.062726
101,101,THIRUVOTRIYUR,THIRUVOTRIYUR,M.G.R.KOYAMBEDU,M.G.R.KOYAMBEDU,18:50,2026-01-13T12:55:06.062726
101,101,THIRUVOTRIYUR,THIRUVOTRIYUR,M.G.R.KOYAMBEDU,M.G.R.KOYAMBEDU,19:10,2026-01-13T12:55:06.062726
101,101,THIRUVOTRIYUR,THIRUVOTRIYUR,M.G.R.KOYAMBEDU,M.G.R.KOYAMBEDU,20:00,2026-01-13T12:55:06.062726
101,101,THIRUVOTRIYUR,THIRUVOTRIYUR,M.G.R.KOYAMBEDU,M.G.R.KOYAMBEDU,20:20,2026-01-13T12:55:06.062726
101,101,THIRUVOTRIYUR,THIRUVOTRIYUR,M.G.R.KOYAMBEDU,M.G.R.KOYAMBEDU,20:40,2026-01-13T12:55:06.062726
101,101,THIRUVOTRIYUR,THIRUVOTRIYUR,M.G.R.KOYAMBEDU,M.G.R.KOYAMBEDU,20:50,2026-01-13T12:55:06.062726
101,101,THIRUVOTRIYUR,THIRUVOTRIYUR,M.G.R.KOYAMBEDU,M.G.R.KOYAMBEDU,21:10,2026-01-13T12:55:06.062726
101,101,THIRUVOTRIYUR,THIRUVOTRIYUR,M.G.R.KOYAMBEDU,M.G.R.KOYAMBEDU,21:20,2026-01-13T12:55:06.062726
101,101,THIRUVOTRIYUR,THIRUVOTRIYUR,TOLLGATE,TOLLGATE,19:55,2026-01-13T12:55:28.386182
101,101,POONAMALLEE B.S,POONAMALLEE B.S,BROADWAY,BROADWAY,07:10,2026-01-15T15:08:28.498896
101,101,POONAMALLEE B.S,POONAMALLEE B.S,BROADWAY,BROADWAY,07:48,2026-01-15T15:08:28.498896
101,101,POONAMALLEE B.S,POONAMALLEE B.S,BROADWAY,BROADWAY,08:04,2026-01-15T15:08:28.498896
101,101,POONAMALLEE B.S,POONAMALLEE B.S,BROADWAY,BROADWAY,08:36,2026-01-15T15:08:28.498896
101,101,POONAMALLEE B.S,POONAMALLEE B.S,BROADWAY,BROADWAY,08:52,2026-01-15T15:08:28.498896
101,101,POONAMALLEE B.S,POONAMALLEE B.S,BROADWAY,BROADWAY,09:30,2026-01-15T15:08:28.498896
101,101,POONAMALLEE B.S,POONAMALLEE B.S,BROADWAY,BROADWAY,09:50,2026-01-15T15:08:28.498896
101,101,POONAMALLEE B.S,POONAMALLEE B.S,BROADWAY,BROADWAY,10:10,2026-01-15T15:08:28.498896
101,101,POONAMALLEE B.S,POONAMALLEE B.S,BROADWAY,BROADWAY,10:30,2026-01-15T15:08:28.498896
101,101,POONAMALLEE B.S,POONAMALLEE B.S,BROADWAY,BROADWAY,10:47,2026-01-15T15:08:28.498896
101,101,POONAMALLEE B.S,POONAMALLEE B.S,BROADWAY,BROADWAY,11:00,2026-01-15T15:08:28.498896
101,101,POONAMALLEE B.S,POONAMALLEE B.S,BROADWAY,BROADWAY,11:45,2026-01-15T15:08:28.498896
101,101,POONAMALLEE B.S,POONAMALLEE B.S,BROADWAY,BROADWAY,12:00,2026-01-15T15:08:28.498896
101,101,POONAMALLEE B.S,POONAMALLEE B.S,BROADWAY,BROADWAY,12:10,2026-01-15T15:08:28.498896
101,101,POONAMALLEE B.S,POONAMALLEE B.S,BROADWAY,BROADWAY,12:25,2026-01-15T15:08:28.498896
101,101,POONAMALLEE B.S,POONAMALLEE B.S,BROADWAY,BROADWAY,12:35,2026-01-15T15:08:28.498896
101,101,POONAMALLEE B.S,POONAMALLEE B.S,BROADWAY,BROADWAY,12:55,2026-01-15T15:08:28.498896
101,101,POONAMALLEE B.S,POONAMALLEE B.S,BROADWAY,BROADWAY,13:15,2026-01-15T15:08:28.498896
101,101,POONAMALLEE B.S,POONAMALLEE B.S,BROADWAY,BROADWAY,13:30,2026-01-15T15:08:28.498896
101,101,POONAMALLEE B.S,POONAMALLEE B.S,BROADWAY,BROADWAY,13:35,2026-01-15T15:08:28.498896
101,101,POONAMALLEE B.S,POONAMALLEE B.S,BROADWAY,BROADWAY,13:40,2026-01-15T15:08:28.498896
101,101,POONAMALLEE B.S,POONAMALLEE B.S,BROADWAY,BROADWAY,14:05,2026-01-15T15:08:28.498896
101,101,POONAMALLEE B.S,POONAMALLEE B.S,BROADWAY,BROADWAY,14:15,2026-01-15T15:08:28.498896
101,101,POONAMALLEE B.S,POONAMALLEE B.S,BROADWAY,BROADWAY,14:20,2026-01-15T15:08:28.498896
101,101,POONAMALLEE B.S,POONAMALLEE B.S,BROADWAY,BROADWAY,14:30,2026-01-15T15:08:28.498896
101,101,POONAMALLEE B.S,POONAMALLEE B.S,BROADWAY,BROADWAY,14:40,2026-01-15T15:08:28.498896
101,101,POONAMALLEE B.S,POONAMALLEE B.S,BROADWAY,BROADWAY,15:30,2026-01-15T15:08:28.498896
101,101,POONAMALLEE B.S,POONAMALLEE B.S,BROADWAY,BROADWAY,15:45,2026-01-15T15:08:28.498896
101,101,POONAMALLEE B.S,POONAMALLEE B.S,BROADWAY,BROADWAY,16:20,2026-01-15T15:08:28.498896
101,101,POONAMALLEE B.S,POONAMALLEE B.S,BROADWAY,BROADWAY,18:10,2026-01-15T15:08:28.498896
101,101,POONAMALLEE B.S,POONAMALLEE B.S,M.G.R.KOYAMBEDU,M.G.R.KOYAMBEDU,19:20,2026-01-15T15:08:40.832725
101,101,POONAMALLEE B.S,POONAMALLEE B.S,M.G.R.KOYAMBEDU,M.G.R.KOYAMBEDU,19:37,2026-01-15T15:08:40.832725
101,101,POONAMALLEE B.S,POONAMALLEE B.S,M.G.R.KOYAMBEDU,M.G.R.KOYAMBEDU,19:45,2026-01-15T15:08:40.832725
101,101,POONAMALLEE B.S,POONAMALLEE B.S,M.G.R.KOYAMBEDU,M.G.R.KOYAMBEDU,19:50,2026-01-15T15:08:40.832725
101,101,POONAMALLEE B.S,POONAMALLEE B.S,M.G.R.KOYAMBEDU,M.G.R.KOYAMBEDU,20:15,2026-01-15T15:08:40.832725
101,101,POONAMALLEE B.S,POONAMALLEE B.S,M.G.R.KOYAMBEDU,M.G.R.KOYAMBEDU,20:30,2026-01-15T15:08:40.832725
101,101,POONAMALLEE B.S,POONAMALLEE B.S,M.G.R.KOYAMBEDU,M.G.R.KOYAMBEDU,20:35,2026-01-15T15:08:40.832725
101,101,POONAMALLEE B.S,POONAMALLEE B.S,M.G.R.KOYAMBEDU,M.G.R.KOYAMBEDU,21:00,2026-01-15T15:08:40.832725
101,101,POONAMALLEE B.S,POONAMALLEE B.S,M.G.R.KOYAMBEDU,M.G.R.KOYAMBEDU,21:10,2026-01-15T15:08:40.832725
101,101,POONAMALLEE B.S,POONAMALLEE B.S,M.G.R.KOYAMBEDU,M.G.R.KOYAMBEDU,21:30,2026-01-15T15:08:40.832725
101,101,POONAMALLEE B.S,POONAMALLEE B.S,M.G.R.KOYAMBEDU,M.G.R.KOYAMBEDU,21:40,2026-01-15T15:08:40.832725
101,101,POONAMALLEE B.S,POONAMALLEE B.S,TOLLGATE,TOLLGATE,03:15,2026-01-15T15:08:53.124829
101,101,POONAMALLEE B.S,POONAMALLEE B.S,TOLLGATE,TOLLGATE,03:55,2026-01-15T15:08:53.124829
101,101,POONAMALLEE B.S,POONAMALLEE B.S,TOLLGATE,TOLLGATE,04:35,2026-01-15T15:08:53.124829
101,101,POONAMALLEE B.S,POONAMALLEE B.S,TOLLGATE,TOLLGATE,17:30,2026-01-15T15:08:53.124829
101,101,POONAMALLEE B.S,POONAMALLEE B.S,TOLLGATE,TOLLGATE,17:50,2026-01-15T15:08:53.124829
101,101,POONAMALLEE B.S,POONAMALLEE B.S,TOLLGATE,TOLLGATE,18:00,2026-01-15T15:08:53.124829
101,101,POONAMALLEE B.S,POONAMALLEE B.S,TOLLGATE,TOLLGATE,19:15,2026-01-15T15:08:53.124829
101,101,POONAMALLEE B.S,POONAMALLEE B.S,TOLLGATE,TOLLGATE,19:25,2026-01-15T15:08:53.124829
101,101,POONAMALLEE B.S,POONAMALLEE B.S,TOLLGATE,TOLLGATE,19:35,2026-01-15T15:08:53.124829
101,101,POONAMALLEE B.S,POONAMALLEE B.S,TOLLGATE,TOLLGATE,19:55,2026-01-15T15:08:53.124829
101,101,POONAMALLEE B.S,POONAMALLEE B.S,TOLLGATE,TOLLGATE,20:25,2026-01-15T15:08:53.124829
101,101,POONAMALLEE B.S,POONAMALLEE B.S,TOLLGATE,TOLLGATE,20:40,2026-01-15T15:08:53.124829
101,101,POONAMALLEE B.S,POONAMALLEE B.S,TOLLGATE,TOLLGATE,20:45,2026-01-15T15:08:53.124829
101,101,POONAMALLEE B.S,POONAMALLEE B.S,TOLLGATE,TOLLGATE,21:15,2026-01-15T15:08:53.124829
101,101,POONAMALLEE B.S,POONAMALLEE B.S,TOLLGATE,TOLLGATE,21:35,2026-01-15T15:08:53.124829
101,101,POONAMALLEE B.S,POONAMALLEE B.S,TOLLGATE,TOLLGATE,21:45,2026-01-15T15:08:53.124829
101,101,TOLLGATE,TOLLGATE,POONAMALLEE B.S,POONAMALLEE B.S,04:05,2026-01-15T15:09:08.074867
101,101,TOLLGATE,TOLLGATE,THIRUVOTRIYUR,THIRUVOTRIYUR,03:53,2026-01-15T15:09:20.353929
101,101,TOLLGATE,TOLLGATE,THIRUVOTRIYUR,THIRUVOTRIYUR,05:02,2026-01-15T15:09:20.353929
101,101,TOLLGATE,TOLLGATE,THIRUVOTRIYUR,THIRUVOTRIYUR,05:13,2026-01-15T15:09:20.353929
101,101,TOLLGATE,TOLLGATE,THIRUVOTRIYUR,THIRUVOTRIYUR,05:18,2026-01-15T15:09:20.353929
101,101,TOLLGATE,TOLLGATE,THIRUVOTRIYUR,THIRUVOTRIYUR,05:34,2026-01-15T15:09:20.353929
101,101,TOLLGATE,TOLLGATE,THIRUVOTRIYUR,THIRUVOTRIYUR,06:06,2026-01-15T15:09:20.353929
101,101,TOLLGATE,TOLLGATE,THIRUVOTRIYUR,THIRUVOTRIYUR,06:18,2026-01-15T15:09:20.353929
101,101,TOLLGATE,TOLLGATE,THIRUVOTRIYUR,THIRUVOTRIYUR,06:22,2026-01-15T15:09:20.353929
101,101,TOLLGATE,TOLLGATE,THIRUVOTRIYUR,THIRUVOTRIYUR,06:45,2026-01-15T15:09:20.353929
101,101,TOLLGATE,TOLLGATE,THIRUVOTRIYUR,THIRUVOTRIYUR,07:05,2026-01-15T15:09:20.353929
101,101,TOLLGATE,TOLLGATE,THIRUVOTRIYUR,THIRUVOTRIYUR,07:25,2026-01-15T15:09:20.353929
101,101,TOLLGATE,TOLLGATE,THIRUVOTRIYUR,THIRUVOTRIYUR,07:40,2026-01-15T15:09:20.353929
101,101,TOLLGATE,TOLLGATE,THIRUVOTRIYUR,THIRUVOTRIYUR,08:00,2026-01-15T15:09:20.353929
101,101,TOLLGATE,TOLLGATE,THIRUVOTRIYUR,THIRUVOTRIYUR,12:50,2026-01-15T15:09:20.353929
101,101,TOLLGATE,TOLLGATE,THIRUVOTRIYUR,THIRUVOTRIYUR,13:40,2026-01-15T15:09:20.353929
101,101,TOLLGATE,TOLLGATE,THIRUVOTRIYUR,THIRUVOTRIYUR,14:28,2026-01-15T15:09:20.353929
102,102,BROADWAY,BROADWAY,KELAMBAKKAM,KELAMBAKKAM,06:15,2026-01-15T15:09:38.616931
102,102,BROADWAY,BROADWAY,KELAMBAKKAM,KELAMBAKKAM,06:35,2026-01-15T15:09:38.616931
102,102,BROADWAY,BROADWAY,KELAMBAKKAM,KELAMBAKKAM,06:50,2026-01-15T15:09:38.616931
102,102,BROADWAY,BROADWAY,KELAMBAKKAM,KELAMBAKKAM,07:15,2026-01-15T15:09:38.616931
102,102,BROADWAY,BROADWAY,KELAMBAKKAM,KELAMBAKKAM,07:20,2026-01-15T15:09:38.616931
102,102,BROADWAY,BROADWAY,KELAMBAKKAM,KELAMBAKKAM,08:05,2026-01-15T15:09:38.616931
102,102,BROADWAY,BROADWAY,KELAMBAKKAM,KELAMBAKKAM,08:10,2026-01-15T15:09:38.616931
102,102,BROADWAY,BROADWAY,KELAMBAKKAM,KELAMBAKKAM,08:50,2026-01-15T15:09:38.616931
102,102,BROADWAY,BROADWAY,KELAMBAKKAM,KELAMBAKKAM,08:55,2026-01-15T15:09:38.616931
102,102,BROADWAY,BROADWAY,KELAMBAKKAM,KELAMBAKKAM,09:20,2026-01-15T15:09:38.616931
102,102,BROADWAY,BROADWAY,KELAMBAKKAM,KELAMBAKKAM,09:45,2026-01-15T15:09:38.616931
102,102,BROADWAY,BROADWAY,KELAMBAKKAM,KELAMBAKKAM,10:05,2026-01-15T15:09:38.616931
102,102,BROADWAY,BROADWAY,KELAMBAKKAM,KELAMBAKKAM,12:30,2026-01-15T15:09:38.616931
102,102,BROADWAY,BROADWAY,KELAMBAKKAM,KELAMBAKKAM,13:10,2026-01-15T15:09:38.616931
102,102,BROADWAY,BROADWAY,KELAMBAKKAM,KELAMBAKKAM,13:55,2026-01-15T15:09:38.616931
102,102,BROADWAY,BROADWAY,KELAMBAKKAM,KELAMBAKKAM,15:20,2026-01-15T15:09:38.616931
102,102,BROADWAY,BROADWAY,KELAMBAKKAM,KELAMBAKKAM,16:30,2026-01-15T15:09:38.616931
102,102,BROADWAY,BROADWAY,KELAMBAKKAM,KELAMBAKKAM,16:50,2026-01-15T15:09:38.616931
102,102,BROADWAY,BROADWAY,KELAMBAKKAM,KELAMBAKKAM,17:15,2026-01-15T15:09:38.616931
102,102,BROADWAY,BROADWAY,KELAMBAKKAM,KELAMBAKKAM,18:00,2026-01-15T15:09:38.616931
102,102,BROADWAY,BROADWAY,KELAMBAKKAM,KELAMBAKKAM,18:30,2026-01-15T15:09:38.616931
102,102,BROADWAY,BROADWAY,KELAMBAKKAM,KELAMBAKKAM,18:35,2026-01-15T15:09:38.616931
102,102,BROADWAY,BROADWAY,KELAMBAKKAM,KELAMBAKKAM,18:45,2026-01-15T15:09:38.616931
102,102,BROADWAY,BROADWAY,KELAMBAKKAM,KELAMBAKKAM,19:00,2026-01-15T15:09:38.616931
102,102,BROADWAY,BROADWAY,KELAMBAKKAM,KELAMBAKKAM,20:10,2026-01-15T15:09:38.616931
102,102,BROADWAY,BROADWAY,KELAMBAKKAM,KELAMBAKKAM,20:50,2026-01-15T15:09:38.616931
102,102,BROADWAY,BROADWAY,KELAMBAKKAM,KELAMBAKKAM,21:30,2026-01-15T15:09:38.616931
102,102,BROADWAY,BROADWAY,PERUMPAKKAM TNUHDB,PERUMPAKKAM TNUHDB,10:10,2026-01-15T15:09:50.951240
102,102,BROADWAY,BROADWAY,PERUMPAKKAM TNUHDB,PERUMPAKKAM TNUHDB,10:30,2026-01-15T15:09:50.951240
102,102,BROADWAY,BROADWAY,PERUMPAKKAM TNUHDB,PERUMPAKKAM TNUHDB,10:55,2026-01-15T15:09:50.951240
102,102,BROADWAY,BROADWAY,PERUMPAKKAM TNUHDB,PERUMPAKKAM TNUHDB,11:15,2026-01-15T15:09:50.951240
102,102,BROADWAY,BROADWAY,PERUMPAKKAM TNUHDB,PERUMPAKKAM TNUHDB,11:35,2026-01-15T15:09:50.951240
102,102,BROADWAY,BROADWAY,PERUMPAKKAM TNUHDB,PERUMPAKKAM TNUHDB,12:00,2026-01-15T15:09:50.951240
102,102,BROADWAY,BROADWAY,PERUMPAKKAM TNUHDB,PERUMPAKKAM TNUHDB,12:20,2026-01-15T15:09:50.951240
102,102,BROADWAY,BROADWAY,PERUMPAKKAM TNUHDB,PERUMPAKKAM TNUHDB,12:40,2026-01-15T15:09:50.951240
102,102,BROADWAY,BROADWAY,PERUMPAKKAM TNUHDB,PERUMPAKKAM TNUHDB,13:00,2026-01-15T15:09:50.951240
102,102,BROADWAY,BROADWAY,PERUMPAKKAM TNUHDB,PERUMPAKKAM TNUHDB,13:20,2026-01-15T15:09:50.951240
102,102,BROADWAY,BROADWAY,PERUMPAKKAM TNUHDB,PERUMPAKKAM TNUHDB,19:40,2026-01-15T15:09:50.951240
102,102,BROADWAY,BROADWAY,PERUMPAKKAM TNUHDB,PERUMPAKKAM TNUHDB,19:55,2026-01-15T15:09:50.951240
102,102,BROADWAY,BROADWAY,PERUMPAKKAM TNUHDB,PERUMPAKKAM TNUHDB,20:20,2026-01-15T15:09:50.951240
102,102,BROADWAY,BROADWAY,PERUMPAKKAM TNUHDB,PERUMPAKKAM TNUHDB,20:40,2026-01-15T15:09:50.951240
102,102,BROADWAY,BROADWAY,PERUMPAKKAM TNUHDB,PERUMPAKKAM TNUHDB,21:00,2026-01-15T15:09:50.951240
102,102,BROADWAY,BROADWAY,PERUMPAKKAM TNUHDB,PERUMPAKKAM TNUHDB,21:30,2026-01-15T15:09:50.951240
102,102,BROADWAY,BROADWAY,PERUMPAKKAM TNUHDB,PERUMPAKKAM TNUHDB,21:45,2026-01-15T15:09:50.951240
102,102,BROADWAY,BROADWAY,PERUMPAKKAM TNUHDB,PERUMPAKKAM TNUHDB,22:10,2026-01-15T15:09:50.951240
102,102,BROADWAY,BROADWAY,PERUMPAKKAM TNUHDB,PERUMPAKKAM TNUHDB,22:25,2026-01-15T15:09:50.951240
102,102,BROADWAY,BROADWAY,PERUMPAKKAM TNUHDB,PERUMPAKKAM TNUHDB,22:45,2026-01-15T15:09:50.951240
102,102,BROADWAY,BROADWAY,SEMMANCHERI TNUHDB,SEMMANCHERI TNUHDB,10:20,2026-01-15T15:10:03.282872
102,102,BROADWAY,BROADWAY,SEMMANCHERI TNUHDB,SEMMANCHERI TNUHDB,11:00,2026-01-15T15:10:03.282872
102,102,BROADWAY,BROADWAY,SIRUCHERY I.T.PARK,SIRUCHERY I.T.PARK,06:35,2026-01-15T15:11:49.541572
102,102,BROADWAY,BROADWAY,SIRUCHERY I.T.PARK,SIRUCHERY I.T.PARK,07:00,2026-01-15T15:11:49.541572
102,102,BROADWAY,BROADWAY,SIRUCHERY I.T.PARK,SIRUCHERY I.T.PARK,07:05,2026-01-15T15:11:49.541572
102,102,BROADWAY,BROADWAY,SIRUCHERY I.T.PARK,SIRUCHERY I.T.PARK,07:45,2026-01-15T15:11:49.541572
102,102,BROADWAY,BROADWAY,SIRUCHERY I.T.PARK,SIRUCHERY I.T.PARK,07:50,2026-01-15T15:11:49.541572
102,102,BROADWAY,BROADWAY,SIRUCHERY I.T.PARK,SIRUCHERY I.T.PARK,08:35,2026-01-15T15:11:49.541572
102,102,BROADWAY,BROADWAY,SIRUCHERY I.T.PARK,SIRUCHERY I.T.PARK,09:05,2026-01-15T15:11:49.541572
102,102,BROADWAY,BROADWAY,SIRUCHERY I.T.PARK,SIRUCHERY I.T.PARK,09:10,2026-01-15T15:11:49.541572
102,102,BROADWAY,BROADWAY,SIRUCHERY I.T.PARK,SIRUCHERY I.T.PARK,09:45,2026-01-15T15:11:49.541572
102,102,BROADWAY,BROADWAY,SIRUCHERY I.T.PARK,SIRUCHERY I.T.PARK,10:50,2026-01-15T15:11:49.541572
102,102,BROADWAY,BROADWAY,SIRUCHERY I.T.PARK,SIRUCHERY I.T.PARK,11:30,2026-01-15T15:11:49.541572
102,102,BROADWAY,BROADWAY,SIRUCHERY I.T.PARK,SIRUCHERY I.T.PARK,11:40,2026-01-15T15:11:49.541572
102,102,BROADWAY,BROADWAY,SIRUCHERY I.T.PARK,SIRUCHERY I.T.PARK,12:20,2026-01-15T15:11:49.541572
102,102,BROADWAY,BROADWAY,SIRUCHERY I.T.PARK,SIRUCHERY I.T.PARK,12:55,2026-01-15T15:11:49.541572
102,102,BROADWAY,BROADWAY,SIRUCHERY I.T.PARK,SIRUCHERY I.T.PARK,13:20,2026-01-15T15:11:49.541572
102,102,BROADWAY,BROADWAY,SIRUCHERY I.T.PARK,SIRUCHERY I.T.PARK,14:10,2026-01-15T15:11:49.541572
102,102,BROADWAY,BROADWAY,SIRUCHERY I.T.PARK,SIRUCHERY I.T.PARK,14:40,2026-01-15T15:11:49.541572
102,102,BROADWAY,BROADWAY,SIRUCHERY I.T.PARK,SIRUCHERY I.T.PARK,15:10,2026-01-15T15:11:49.541572
102,102,BROADWAY,BROADWAY,SIRUCHERY I.T.PARK,SIRUCHERY I.T.PARK,15:50,2026-01-15T15:11:49.541572
102,102,BROADWAY,BROADWAY,SIRUCHERY I.T.PARK,SIRUCHERY I.T.PARK,16:05,2026-01-15T15:11:49.541572
102,102,BROADWAY,BROADWAY,SIRUCHERY I.T.PARK,SIRUCHERY I.T.PARK,16:10,2026-01-15T15:11:49.541572
102,102,BROADWAY,BROADWAY,SIRUCHERY I.T.PARK,SIRUCHERY I.T.PARK,16:40,2026-01-15T15:11:49.541572
102,102,BROADWAY,BROADWAY,SIRUCHERY I.T.PARK,SIRUCHERY I.T.PARK,16:50,2026-01-15T15:11:49.541572
102,102,BROADWAY,BROADWAY,SIRUCHERY I.T.PARK,SIRUCHERY I.T.PARK,17:00,2026-01-15T15:11:49.541572
102,102,BROADWAY,BROADWAY,SIRUCHERY I.T.PARK,SIRUCHERY I.T.PARK,17:35,2026-01-15T15:11:49.541572
102,102,BROADWAY,BROADWAY,SIRUCHERY I.T.PARK,SIRUCHERY I.T.PARK,17:40,2026-01-15T15:11:49.541572
102,102,BROADWAY,BROADWAY,SIRUCHERY I.T.PARK,SIRUCHERY I.T.PARK,18:00,2026-01-15T15:11:49.541572
102,102,BROADWAY,BROADWAY,SIRUCHERY I.T.PARK,SIRUCHERY I.T.PARK,18:15,2026-01-15T15:11:49.541572
102,102,BROADWAY,BROADWAY,SIRUCHERY I.T.PARK,SIRUCHERY I.T.PARK,19:05,2026-01-15T15:11:49.541572
102,102,KANNAGI NAGAR TNUHDB,KANNAGI NAGAR TNUHDB,BROADWAY,BROADWAY,05:20,2026-01-15T15:12:03.205823
102,102,KANNAGI NAGAR TNUHDB,KANNAGI NAGAR TNUHDB,BROADWAY,BROADWAY,06:40,2026-01-15T15:12:03.205823
102,102,KELAMBAKKAM,KELAMBAKKAM,BROADWAY,BROADWAY,04:40,2026-01-15T15:12:16.892637
102,102,KELAMBAKKAM,KELAMBAKKAM,BROADWAY,BROADWAY,05:00,2026-01-15T15:12:16.892637
102,102,KELAMBAKKAM,KELAMBAKKAM,BROADWAY,BROADWAY,05:10,2026-01-15T15:12:16.892637
102,102,KELAMBAKKAM,KELAMBAKKAM,BROADWAY,BROADWAY,05:50,2026-01-15T15:12:16.892637
102,102,KELAMBAKKAM,KELAMBAKKAM,BROADWAY,BROADWAY,06:40,2026-01-15T15:12:16.892637
102,102,KELAMBAKKAM,KELAMBAKKAM,BROADWAY,BROADWAY,07:00,2026-01-15T15:12:16.892637
102,102,KELAMBAKKAM,KELAMBAKKAM,BROADWAY,BROADWAY,07:20,2026-01-15T15:12:16.892637
102,102,KELAMBAKKAM,KELAMBAKKAM,BROADWAY,BROADWAY,07:40,2026-01-15T15:12:16.892637
102,102,KELAMBAKKAM,KELAMBAKKAM,BROADWAY,BROADWAY,08:00,2026-01-15T15:12:16.892637
102,102,KELAMBAKKAM,KELAMBAKKAM,BROADWAY,BROADWAY,08:10,2026-01-15T15:12:16.892637
102,102,KELAMBAKKAM,KELAMBAKKAM,BROADWAY,BROADWAY,08:30,2026-01-15T15:12:16.892637
102,102,KELAMBAKKAM,KELAMBAKKAM,BROADWAY,BROADWAY,08:50,2026-01-15T15:12:16.892637
102,102,KELAMBAKKAM,KELAMBAKKAM,BROADWAY,BROADWAY,09:15,2026-01-15T15:12:16.892637
102,102,KELAMBAKKAM,KELAMBAKKAM,BROADWAY,BROADWAY,09:20,2026-01-15T15:12:16.892637
102,102,KELAMBAKKAM,KELAMBAKKAM,BROADWAY,BROADWAY,10:10,2026-01-15T15:12:16.892637
102,102,KELAMBAKKAM,KELAMBAKKAM,BROADWAY,BROADWAY,10:55,2026-01-15T15:12:16.892637
102,102,KELAMBAKKAM,KELAMBAKKAM,BROADWAY,BROADWAY,11:10,2026-01-15T15:12:16.892637
102,102,KELAMBAKKAM,KELAMBAKKAM,BROADWAY,BROADWAY,11:35,2026-01-15T15:12:16.892637
102,102,KELAMBAKKAM,KELAMBAKKAM,BROADWAY,BROADWAY,12:10,2026-01-15T15:12:16.892637
102,102,KELAMBAKKAM,KELAMBAKKAM,BROADWAY,BROADWAY,14:05,2026-01-15T15:12:16.892637
102,102,KELAMBAKKAM,KELAMBAKKAM,BROADWAY,BROADWAY,14:20,2026-01-15T15:12:16.892637
102,102,KELAMBAKKAM,KELAMBAKKAM,BROADWAY,BROADWAY,14:30,2026-01-15T15:12:16.892637
102,102,KELAMBAKKAM,KELAMBAKKAM,BROADWAY,BROADWAY,14:55,2026-01-15T15:12:16.892637
102,102,KELAMBAKKAM,KELAMBAKKAM,BROADWAY,BROADWAY,15:00,2026-01-15T15:12:16.892637
102,102,KELAMBAKKAM,KELAMBAKKAM,BROADWAY,BROADWAY,15:15,2026-01-15T15:12:16.892637
102,102,KELAMBAKKAM,KELAMBAKKAM,BROADWAY,BROADWAY,15:30,2026-01-15T15:12:16.892637
102,102,KELAMBAKKAM,KELAMBAKKAM,BROADWAY,BROADWAY,15:45,2026-01-15T15:12:16.892637
102,102,KELAMBAKKAM,KELAMBAKKAM,BROADWAY,BROADWAY,16:10,2026-01-15T15:12:16.892637
102,102,KELAMBAKKAM,KELAMBAKKAM,BROADWAY,BROADWAY,16:25,2026-01-15T15:12:16.892637
102,102,KELAMBAKKAM,KELAMBAKKAM,BROADWAY,BROADWAY,17:10,2026-01-15T15:12:16.892637
102,102,KELAMBAKKAM,KELAMBAKKAM,BROADWAY,BROADWAY,17:30,2026-01-15T15:12:16.892637
102,102,KELAMBAKKAM,KELAMBAKKAM,BROADWAY,BROADWAY,18:20,2026-01-15T15:12:16.892637
102,102,KELAMBAKKAM,KELAMBAKKAM,BROADWAY,BROADWAY,19:00,2026-01-15T15:12:16.892637
102,102,KELAMBAKKAM,KELAMBAKKAM,BROADWAY,BROADWAY,19:05,2026-01-15T15:12:16.892637
102,102,KELAMBAKKAM,KELAMBAKKAM,BROADWAY,BROADWAY,19:20,2026-01-15T15:12:16.892637
102,102,KELAMBAKKAM,KELAMBAKKAM,BROADWAY,BROADWAY,19:55,2026-01-15T15:12:16.892637
102,102,KELAMBAKKAM,KELAMBAKKAM,BROADWAY,BROADWAY,20:35,2026-01-15T15:12:16.892637
102,102,M.G.R.CENTRAL,M.G.R.CENTRAL,KELAMBAKKAM,KELAMBAKKAM,04:40,2026-01-15T15:12:30.539853
102,102,PERUMPAKKAM TNUHDB,PERUMPAKKAM TNUHDB,KELAMBAKKAM,KELAMBAKKAM,04:40,2026-01-15T15:12:44.191783
102,102,PERUMPAKKAM TNUHDB,PERUMPAKKAM TNUHDB,KELAMBAKKAM,KELAMBAKKAM,05:20,2026-01-15T15:12:44.191783
102,102,PERUMPAKKAM TNUHDB,PERUMPAKKAM TNUHDB,KELAMBAKKAM,KELAMBAKKAM,06:05,2026-01-15T15:12:44.191783
102,102,PERUMPAKKAM TNUHDB,PERUMPAKKAM TNUHDB,KELAMBAKKAM,KELAMBAKKAM,06:45,2026-01-15T15:12:44.191783
102,102,PERUMPAKKAM TNUHDB,PERUMPAKKAM TNUHDB,KELAMBAKKAM,KELAMBAKKAM,13:25,2026-01-15T15:12:44.191783
102,102,PERUMPAKKAM TNUHDB,PERUMPAKKAM TNUHDB,KELAMBAKKAM,KELAMBAKKAM,13:40,2026-01-15T15:12:44.191783
102,102,PERUMPAKKAM TNUHDB,PERUMPAKKAM TNUHDB,KELAMBAKKAM,KELAMBAKKAM,14:20,2026-01-15T15:12:44.191783
102,102,PERUMPAKKAM TNUHDB,PERUMPAKKAM TNUHDB,KELAMBAKKAM,KELAMBAKKAM,15:05,2026-01-15T15:12:44.191783
102,102,PERUMPAKKAM TNUHDB,PERUMPAKKAM TNUHDB,KELAMBAKKAM,KELAMBAKKAM,15:45,2026-01-15T15:12:44.191783
102,102,PERUMPAKKAM TNUHDB,PERUMPAKKAM TNUHDB,KELAMBAKKAM,KELAMBAKKAM,16:25,2026-01-15T15:12:44.191783
102,102,SEMMANCHERI TNUHDB,SEMMANCHERI TNUHDB,KELAMBAKKAM,KELAMBAKKAM,14:05,2026-01-15T15:12:57.849208
102,102,SEMMANCHERI TNUHDB,SEMMANCHERI TNUHDB,KELAMBAKKAM,KELAMBAKKAM,14:40,2026-01-15T15:12:57.849208
