id,old_name,new_name
347,"APSRTC Bus Station , Puttur",Puttur - APSRTC
375,"Bus Terminal, Kakkanad",Kakkanad - Bus Terminal
400,"TNSTC Bus Stand , Kallakurichi",Kallakurichi - TNSTC
452,"Kerala State Road Transport Corperation, Mananthavadi",Mananthavadi - Kerala State Road Transport Corperation
518,"Mukkadamukku, Chavara",Chavara - Mukkadamukku
520,"Vazhayilmukku, Chavara",Chavara - Vazhayilmukku
584,"KSRTC BUS STAND, KOOTHATUKULAM",KOOTHATUKULAM - KSRTC
641,"Waiting shed, Pazhayidom",Pazhayidom - Waiting shed
673,"Koyil Vazhi bus stand, Tiruppur",Tiruppur - Koyil Vazhi
694,"KSRTC Bus Stand, Urdigere",Urdigere - KSRTC
701,"APSRTC Bus Station , Palamaneru",Palamaneru - APSRTC
702,"APSRTC Bus Station , Chittoor",Chittoor - APSRTC
703,"APSRTC Bus Station , Punganur",Punganur - APSRTC
704,"APSRTC Bus Station , Kuppam",Kuppam - APSRTC
705,"APSRTC Bus Station , Venkatagiri Kota",Venkatagiri Kota - APSRTC
706,"APSRTC Bus Station , Kanipakam",Kanipakam - APSRTC
708,"APSRTC Bus Station , Pichchatur",Pichchatur - APSRTC
709,"APSRTC Bus Station , Nagalapuram",Nagalapuram - APSRTC
711,"APSRTC Bus Station , Satyavedu",Satyavedu - APSRTC
713,"APSRTC Bus Station , Pakala",Pakala - APSRTC
727,"Madhavarm APSRTC , TNSTC Bus Terminus",TNSTC Bus Terminus - Madhavarm APSRTC
734,"TNSTC Tanthiperiyar Bus Depot , Tiruvannamalai",Tiruvannamalai - TNSTC Tanthiperiyar Bus Depot
735,"TNSTC Bus Depot , Tiruvannamalai",Tiruvannamalai - TNSTC Bus Depot
851,"TNSTC Bus Depot , Palani",Palani - TNSTC Bus Depot
852,"M.G.R Mattuthavani Bus Stand , Madurai",Madurai - Mattuthavani
853,"Periyar Bus Stand , Madurai",Madurai - Periyar
1014,"Kerala State Road Transport Cooperation Bus Depot, Ponkunnam",Ponkunnam - Kerala State Road Transport Cooperation Bus Depot
1027,"Private Bus Station, Kottarakkara",Kottarakkara - Private
1031,"IGBT Bus Stand, Manjeri",Manjeri - IGBT
1032,"New Bus Stand, Manjeri",Manjeri - New
1058,"Kerala State Road Transport Cooperation Bus Station, Irinjalakuda",Irinjalakuda - Kerala State Road Transport Cooperation
1184,"Kerala State Road Transport Corporation, Perumbavoor",Perumbavoor - Kerala State Road Transport Corporation
1225,"Private Bus Stand, North Paravur",North Paravur - Private
1241,"KSRTC BUS STATION, PIRAVOM",PIRAVOM - KSRTC
1265,"Private Bus Stand,Perumbavoor",Perumbavoor - Private
1266,"Muncipal Bus Stand,Thankalam",Thankalam - Muncipal
1312,"Paruthumpara Bus stop towards Njaliyakuzhy, Changanassery",Changanassery - Paruthumpara Bus stop towards Njaliyakuzhy
1323,"Pothukal Bus Station, Pothukal",Pothukal - Pothukal
1421,"Private Bus Stand, Koothattukulam",Koothattukulam - Private
1422,"KSRTC Bus Stand, Koothattukulam",Koothattukulam - KSRTC
1423,"Kerala State Road Transport Corporation, Kacheri, Attingal","Kacheri, Attingal - Kerala State Road Transport Corporation"
1424,"Private bus stand, kacheri jn",kacheri jn - Private
1427,"New Bus Stand, Tiruppur",Tiruppur - New
1432,"Jose Thomas Padinjarekkara Private Bus Terminal, Kottaramattam, Palai","Kottaramattam, Palai - Jose Thomas Padinjarekkara Private Bus Terminal"
1478,"Bus Terminal 2, 2A",2A - Bus Terminal 2
1489,"Kerala State Road Transport Corporation Bus Stand, Munnar",Munnar - Kerala State Road Transport Corporation
1499,"Annai Indira Gandhi Bus Stand, Karumandurai",Karumandurai - Annai Indira Gandhi
2201,"Central Government Officers Quarters, General Pool Accomodation",General Pool Accomodation - Central Government Officers Quarters
2763,"Nettithozhu,Kochera",Kochera - Nettithozhu
2941,"AECS Layout, A block",A block - AECS Layout
3265,"Pallippuram, Karambathur P O",Karambathur P O - Pallippuram
3437,"Aasharimukku,amarap.o",amarap.o - Aasharimukku
3438,"Thottikada, Upputhode",Upputhode - Thottikada
3448,"Gouri city, Upputhode",Upputhode - Gouri city
3628,"Pallikkamarup,  Edakkulam",Edakkulam - Pallikkamarup
3629,"Kulikadavunkal, Punnasheripadi",Punnasheripadi - Kulikadavunkal
3673,"Kalathil Tribal Colony, Madakkimala",Madakkimala - Kalathil Tribal Colony
3674,"Mangalamkunn Tribal Colony, Panangandi",Panangandi - Mangalamkunn Tribal Colony
3676,"Pandyattvayal Tribal Colony, Kariambadi",Kariambadi - Pandyattvayal Tribal Colony
3677,"Koraladi Tribal Colony, Kolavayal",Kolavayal - Koraladi Tribal Colony
3678,"Njanummel Tribal colony, Kolavayal",Kolavayal - Njanummel Tribal colony
3680,"Moothimoola Kuruma Colony, Kariyambadi",Kariyambadi - Moothimoola Kuruma Colony
3681,"Thottamkolli Tribal Colony, Kuppadi",Kuppadi - Thottamkolli Tribal Colony
3683,"Shastri Nagar Tribal Colony, Aalamdhatta",Aalamdhatta - Shastri Nagar Tribal Colony
3686,"Oorapakk Kunn Tribal Colony, Vazhavatta",Vazhavatta - Oorapakk Kunn Tribal Colony
3687,"Naikollikunn Tribal Colony, Pakkam",Pakkam - Naikollikunn Tribal Colony
3688,"Naikollikunn Kuruma Colony, Pakkam",Pakkam - Naikollikunn Kuruma Colony
3689,"Unnikkan Tribal Colony, Pakkam",Pakkam - Unnikkan Tribal Colony
3690,"Palakattkunn tribal Colony, Pakkam",Pakkam - Palakattkunn tribal Colony
3691,"Kaippadam Tribal Colony, Variad",Variad - Kaippadam Tribal Colony
3692,"Theneri Kuruma Colony, Theneri",Theneri - Theneri Kuruma Colony
3693,"Bharathan Colony, Theneri",Theneri - Bharathan Colony
3694,"Malakkad Kuruma Colony, Pakyanikunn",Pakyanikunn - Malakkad Kuruma Colony
3695,"Malakkad tribal Colony, Pakyanikunn",Pakyanikunn - Malakkad tribal Colony
3716,"Banashankari 6th Stage, 11th Block",11th Block - Banashankari 6th Stage
3744,"Ministry of Communications Employees Co-operative Housing Society, 6th Phase",6th Phase - Ministry of Communications Employees Co-operative Housing Society
3761,"Colony, Manhappatta",Manhappatta - Colony
3774,"Kalmparambu Colony, Naduvattom",Naduvattom - Kalmparambu Colony
3776,"Mythri Colony, Kuttippuram",Kuttippuram - Mythri Colony
3782,"Kubara Colony, Nagaparambu",Nagaparambu - Kubara Colony
3842,"Colony, Pizhaku",Pizhaku - Colony
3843,"Colony, Veliayath",Veliayath - Colony
3844,"Colony, Kudampidi",Kudampidi - Colony
3845,"Colony, Elivali",Elivali - Colony
3885,"Puzhamkuni Tribal Colony, Vazhavatta",Vazhavatta - Puzhamkuni Tribal Colony
3886,"Kallupadi Kuruma Colony, Kallupadi",Kallupadi - Kallupadi Kuruma Colony
3888,"Aavilatt Tribal Colony, Karingannikunn",Karingannikunn - Aavilatt Tribal Colony
3889,"4 cent Colony, Karingannikunn",Karingannikunn - 4 cent Colony
3891,"Alakunn Colony, Karinganikunn",Karinganikunn - Alakunn Colony
3892,"Kudalmoola Colony, Kolavayal",Kolavayal - Kudalmoola Colony
3893,"Tazhe Kozhimoola Tribal Colony, Kolavayal",Kolavayal - Tazhe Kozhimoola Tribal Colony
3894,"Thazhe Njanummal Colony, Kolavayal",Kolavayal - Thazhe Njanummal Colony
3905,"Ittiyarmala Colony,Kalamboor",Kalamboor - Ittiyarmala Colony
3911,"Colony, Mundakkutti",Mundakkutti - Colony
3959,"Vengoor, Ambedkar Colony",Ambedkar Colony - Vengoor
4048,"Lakshamveed Colony, Kundlikkad",Kundlikkad - Lakshamveed Colony
4161,"Colony , Thuvvur",Thuvvur - Colony
4168,"Makarakunn Colony , Thuvvur",Thuvvur - Makarakunn Colony
4311,"Kottayam Colony, Vandaikkal",Vandaikkal - Kottayam Colony
4340,"Girijan Colony, Chokkad",Chokkad - Girijan Colony
4360,"Ambedkar Colony, Puducode",Puducode - Ambedkar Colony
4366,"Lakshamveedu Colony, Pattoola",Pattoola - Lakshamveedu Colony
4374,"Oravankunnu Colony, Oravankunnu",Oravankunnu - Oravankunnu Colony
4375,"Chokkad Colony, Chokkad",Chokkad - Chokkad Colony
4429,"Lakshamveed Colony,Kattumulla",Kattumulla - Lakshamveed Colony
4510,"Lakshamveed Colony, Mallamballa",Mallamballa - Lakshamveed Colony
4516,"Michabhoomi Colony, Ponthiyampuram",Ponthiyampuram - Michabhoomi Colony
4540,"Lakshamveed Colony, Mundampokk",Mundampokk - Lakshamveed Colony
4560,"Jawahar Colony, Achickal",Achickal - Jawahar Colony
4562,"IHDP Colony, Achickal",Achickal - IHDP Colony
4580,"SC Colony, Choondacherry",Choondacherry - SC Colony
5485,"Chungam, Paplassery",Paplassery - Chungam
6226,"Krishna Nagar, Periyar Road",Periyar Road - Krishna Nagar
6250,"D Silva Layout , Happy Valley",Happy Valley - D Silva Layout
6509,"Colony, Valiyakunnu",Valiyakunnu - Colony
6510,"Colony, Valiyakunnu, Attingal","Valiyakunnu, Attingal - Colony"
6523,"Panayil Colony, Ambalamukku, Attingal","Ambalamukku, Attingal - Panayil Colony"
6524,"Colony, Seevelikonam",Seevelikonam - Colony
6526,"Colony, Kottiyodu",Kottiyodu - Colony
6530,"Areekkakunnu Leksham Veedu Colony, Pravithanam",Pravithanam - Areekkakunnu Leksham Veedu Colony
6536,"Jayaprakash (J.P.) Nagar, Cauvery Nagar",Cauvery Nagar - Jayaprakash (J.P.) Nagar
6550,"OLH Colony, Elackad",Elackad - OLH Colony
16644,"Elampally, Neyyattusserry",Neyyattusserry - Elampally
22996,"Edalipparakudy Tribal Settlement, Edamalakudy",Edamalakudy - Edalipparakudy Tribal Settlement
26697,"Ambalapadykudy Tribal Settlement, Edamalakudy",Edamalakudy - Ambalapadykudy Tribal Settlement
27542,"2/B Gammanaya, Hurigaswewa",Hurigaswewa - 2/B Gammanaya
31618,"ayyanthole, punkunnam village office",punkunnam village office - ayyanthole
31813,"APSRTC Bus Station , Puttur",Puttur - APSRTC
31841,"Bus Terminal, Kakkanad",Kakkanad - Bus Terminal
31866,"TNSTC Bus Stand , Kallakurichi",Kallakurichi - TNSTC
31918,"Kerala State Road Transport Corperation, Mananthavadi",Mananthavadi - Kerala State Road Transport Corperation
31984,"Mukkadamukku, Chavara",Chavara - Mukkadamukku
31986,"Vazhayilmukku, Chavara",Chavara - Vazhayilmukku
32050,"KSRTC BUS STAND, KOOTHATUKULAM",KOOTHATUKULAM - KSRTC
32107,"Waiting shed, Pazhayidom",Pazhayidom - Waiting shed
32139,"Koyil Vazhi bus stand, Tiruppur",Tiruppur - Koyil Vazhi
32160,"KSRTC Bus Stand, Urdigere",Urdigere - KSRTC
32167,"APSRTC Bus Station , Palamaneru",Palamaneru - APSRTC
32168,"APSRTC Bus Station , Chittoor",Chittoor - APSRTC
32169,"APSRTC Bus Station , Punganur",Punganur - APSRTC
32170,"APSRTC Bus Station , Kuppam",Kuppam - APSRTC
32171,"APSRTC Bus Station , Venkatagiri Kota",Venkatagiri Kota - APSRTC
32172,"APSRTC Bus Station , Kanipakam",Kanipakam - APSRTC
32174,"APSRTC Bus Station , Pichchatur",Pichchatur - APSRTC
32175,"APSRTC Bus Station , Nagalapuram",Nagalapuram - APSRTC
32177,"APSRTC Bus Station , Satyavedu",Satyavedu - APSRTC
32179,"APSRTC Bus Station , Pakala",Pakala - APSRTC
32193,"Madhavarm APSRTC , TNSTC Bus Terminus",TNSTC Bus Terminus - Madhavarm APSRTC
32200,"TNSTC Tanthiperiyar Bus Depot , Tiruvannamalai",Tiruvannamalai - TNSTC Tanthiperiyar Bus Depot
32201,"TNSTC Bus Depot , Tiruvannamalai",Tiruvannamalai - TNSTC Bus Depot
32317,"TNSTC Bus Depot , Palani",Palani - TNSTC Bus Depot
32318,"M.G.R Mattuthavani Bus Stand , Madurai",Madurai - Mattuthavani
32319,"Periyar Bus Stand , Madurai",Madurai - Periyar
32480,"Kerala State Road Transport Cooperation Bus Depot, Ponkunnam",Ponkunnam - Kerala State Road Transport Cooperation Bus Depot
32493,"Private Bus Station, Kottarakkara",Kottarakkara - Private
32497,"IGBT Bus Stand, Manjeri",Manjeri - IGBT
32498,"New Bus Stand, Manjeri",Manjeri - New
32524,"Kerala State Road Transport Cooperation Bus Station, Irinjalakuda",Irinjalakuda - Kerala State Road Transport Cooperation
32650,"Kerala State Road Transport Corporation, Perumbavoor",Perumbavoor - Kerala State Road Transport Corporation
32691,"Private Bus Stand, North Paravur",North Paravur - Private
32707,"KSRTC BUS STATION, PIRAVOM",PIRAVOM - KSRTC
32731,"Private Bus Stand,Perumbavoor",Perumbavoor - Private
32732,"Muncipal Bus Stand,Thankalam",Thankalam - Muncipal
32778,"Paruthumpara Bus stop towards Njaliyakuzhy, Changanassery",Changanassery - Paruthumpara Bus stop towards Njaliyakuzhy
32789,"Pothukal Bus Station, Pothukal",Pothukal - Pothukal
32887,"Private Bus Stand, Koothattukulam",Koothattukulam - Private
32888,"KSRTC Bus Stand, Koothattukulam",Koothattukulam - KSRTC
32889,"Kerala State Road Transport Corporation, Kacheri, Attingal","Kacheri, Attingal - Kerala State Road Transport Corporation"
32890,"Private bus stand, kacheri jn",kacheri jn - Private
32892,"Koyil vazhi bus stand, Tiruppur",Tiruppur - Koyil vazhi
32893,"New Bus Stand, Tiruppur",Tiruppur - New
32898,"Jose Thomas Padinjarekkara Private Bus Terminal, Kottaramattam, Palai","Kottaramattam, Palai - Jose Thomas Padinjarekkara Private Bus Terminal"
32944,"Bus Terminal 2, 2A",2A - Bus Terminal 2
32955,"Kerala State Road Transport Corporation Bus Stand, Munnar",Munnar - Kerala State Road Transport Corporation
32965,"Annai Indira Gandhi Bus Stand, Karumandurai",Karumandurai - Annai Indira Gandhi
33667,"Central Government Officers Quarters, General Pool Accomodation",General Pool Accomodation - Central Government Officers Quarters
34229,"Nettithozhu,Kochera",Kochera - Nettithozhu
34407,"AECS Layout, A block",A block - AECS Layout
34731,"Pallippuram, Karambathur P O",Karambathur P O - Pallippuram
34903,"Aasharimukku,amarap.o",amarap.o - Aasharimukku
34904,"Thottikada, Upputhode",Upputhode - Thottikada
34914,"Gouri city, Upputhode",Upputhode - Gouri city
35094,"Pallikkamarup,  Edakkulam",Edakkulam - Pallikkamarup
35095,"Kulikadavunkal, Punnasheripadi",Punnasheripadi - Kulikadavunkal
35139,"Kalathil Tribal Colony, Madakkimala",Madakkimala - Kalathil Tribal Colony
35140,"Mangalamkunn Tribal Colony, Panangandi",Panangandi - Mangalamkunn Tribal Colony
35142,"Pandyattvayal Tribal Colony, Kariambadi",Kariambadi - Pandyattvayal Tribal Colony
35143,"Koraladi Tribal Colony, Kolavayal",Kolavayal - Koraladi Tribal Colony
35144,"Njanummel Tribal colony, Kolavayal",Kolavayal - Njanummel Tribal colony
35146,"Moothimoola Kuruma Colony, Kariyambadi",Kariyambadi - Moothimoola Kuruma Colony
35147,"Thottamkolli Tribal Colony, Kuppadi",Kuppadi - Thottamkolli Tribal Colony
35148,"Thottamkolli Tribal Colony, Kuppadi",Kuppadi - Thottamkolli Tribal Colony
35149,"Shastri Nagar Tribal Colony, Aalamdhatta",Aalamdhatta - Shastri Nagar Tribal Colony
35152,"Oorapakk Kunn Tribal Colony, Vazhavatta",Vazhavatta - Oorapakk Kunn Tribal Colony
35153,"Naikollikunn Tribal Colony, Pakkam",Pakkam - Naikollikunn Tribal Colony
35154,"Naikollikunn Kuruma Colony, Pakkam",Pakkam - Naikollikunn Kuruma Colony
35155,"Unnikkan Tribal Colony, Pakkam",Pakkam - Unnikkan Tribal Colony
35156,"Palakattkunn tribal Colony, Pakkam",Pakkam - Palakattkunn tribal Colony
35157,"Kaippadam Tribal Colony, Variad",Variad - Kaippadam Tribal Colony
35158,"Theneri Kuruma Colony, Theneri",Theneri - Theneri Kuruma Colony
35159,"Bharathan Colony, Theneri",Theneri - Bharathan Colony
35160,"Malakkad Kuruma Colony, Pakyanikunn",Pakyanikunn - Malakkad Kuruma Colony
35161,"Malakkad tribal Colony, Pakyanikunn",Pakyanikunn - Malakkad tribal Colony
35182,"Banashankari 6th Stage, 11th Block",11th Block - Banashankari 6th Stage
35210,"Ministry of Communications Employees Co-operative Housing Society, 6th Phase",6th Phase - Ministry of Communications Employees Co-operative Housing Society
35227,"Colony, Manhappatta",Manhappatta - Colony
35240,"Kalmparambu Colony, Naduvattom",Naduvattom - Kalmparambu Colony
35242,"Mythri Colony, Kuttippuram",Kuttippuram - Mythri Colony
35248,"Kubara Colony, Nagaparambu",Nagaparambu - Kubara Colony
35308,"Colony, Pizhaku",Pizhaku - Colony
35309,"Colony, Veliayath",Veliayath - Colony
35310,"Colony, Kudampidi",Kudampidi - Colony
35311,"Colony, Elivali",Elivali - Colony
35351,"Puzhamkuni Tribal Colony, Vazhavatta",Vazhavatta - Puzhamkuni Tribal Colony
35352,"Kallupadi Kuruma Colony, Kallupadi",Kallupadi - Kallupadi Kuruma Colony
35354,"Aavilatt Tribal Colony, Karingannikunn",Karingannikunn - Aavilatt Tribal Colony
35355,"4 cent Colony, Karingannikunn",Karingannikunn - 4 cent Colony
35357,"Alakunn Colony, Karinganikunn",Karinganikunn - Alakunn Colony
35358,"Kudalmoola Colony, Kolavayal",Kolavayal - Kudalmoola Colony
35359,"Tazhe Kozhimoola Tribal Colony, Kolavayal",Kolavayal - Tazhe Kozhimoola Tribal Colony
35360,"Thazhe Njanummal Colony, Kolavayal",Kolavayal - Thazhe Njanummal Colony
35371,"Ittiyarmala Colony,Kalamboor",Kalamboor - Ittiyarmala Colony
35377,"Colony, Mundakkutti",Mundakkutti - Colony
35425,"Vengoor, Ambedkar Colony",Ambedkar Colony - Vengoor
35514,"Lakshamveed Colony, Kundlikkad",Kundlikkad - Lakshamveed Colony
35627,"Colony , Thuvvur",Thuvvur - Colony
35628,"Colony , Thuvvur",Thuvvur - Colony
35629,"Colony , Thuvvur",Thuvvur - Colony
35630,"Colony , Thuvvur",Thuvvur - Colony
35631,"Colony , Thuvvur",Thuvvur - Colony
35632,"Colony , Thuvvur",Thuvvur - Colony
35633,"Colony , Thuvvur",Thuvvur - Colony
35634,"Makarakunn Colony , Thuvvur",Thuvvur - Makarakunn Colony
35635,"Colony , Thuvvur",Thuvvur - Colony
35636,"Colony , Thuvvur",Thuvvur - Colony
35637,"Colony , Thuvvur",Thuvvur - Colony
35638,"Colony , Thuvvur",Thuvvur - Colony
35640,"Colony , Thuvvur",Thuvvur - Colony
35777,"Kottayam Colony, Vandaikkal",Vandaikkal - Kottayam Colony
35806,"Girijan Colony, Chokkad",Chokkad - Girijan Colony
35826,"Ambedkar Colony, Puducode",Puducode - Ambedkar Colony
35832,"Lakshamveedu Colony, Pattoola",Pattoola - Lakshamveedu Colony
35840,"Oravankunnu Colony, Oravankunnu",Oravankunnu - Oravankunnu Colony
35841,"Chokkad Colony, Chokkad",Chokkad - Chokkad Colony
35895,"Lakshamveed Colony,Kattumulla",Kattumulla - Lakshamveed Colony
35976,"Lakshamveed Colony, Mallamballa",Mallamballa - Lakshamveed Colony
35982,"Michabhoomi Colony, Ponthiyampuram",Ponthiyampuram - Michabhoomi Colony
36006,"Lakshamveed Colony, Mundampokk",Mundampokk - Lakshamveed Colony
36026,"Jawahar Colony, Achickal",Achickal - Jawahar Colony
36028,"IHDP Colony, Achickal",Achickal - IHDP Colony
36046,"SC Colony, Choondacherry",Choondacherry - SC Colony
36951,"Chungam, Paplassery",Paplassery - Chungam
37692,"Krishna Nagar, Periyar Road",Periyar Road - Krishna Nagar
37716,"D Silva Layout , Happy Valley",Happy Valley - D Silva Layout
37975,"Colony, Valiyakunnu",Valiyakunnu - Colony
37976,"Colony, Valiyakunnu, Attingal","Valiyakunnu, Attingal - Colony"
37977,"Colony, Valiyakunnu",Valiyakunnu - Colony
37989,"Panayil Colony, Ambalamukku, Attingal","Ambalamukku, Attingal - Panayil Colony"
37990,"Colony, Seevelikonam",Seevelikonam - Colony
37992,"Colony, Kottiyodu",Kottiyodu - Colony
37996,"Areekkakunnu Leksham Veedu Colony, Pravithanam",Pravithanam - Areekkakunnu Leksham Veedu Colony
38002,"Jayaprakash (J.P.) Nagar, Cauvery Nagar",Cauvery Nagar - Jayaprakash (J.P.) Nagar
38016,"OLH Colony, Elackad",Elackad - OLH Colony
47410,"Elampally, Neyyattusserry",Neyyattusserry - Elampally
53762,"Edalipparakudy Tribal Settlement, Edamalakudy",Edamalakudy - Edalipparakudy Tribal Settlement
57463,"Ambalapadykudy Tribal Settlement, Edamalakudy",Edamalakudy - Ambalapadykudy Tribal Settlement
58308,"2/B Gammanaya, Hurigaswewa",Hurigaswewa - 2/B Gammanaya
62384,"ayyanthole, punkunnam village office",punkunnam village office - ayyanthole
62579,"APSRTC Bus Station , Puttur",Puttur - APSRTC
62607,"Bus Terminal, Kakkanad",Kakkanad - Bus Terminal
62632,"TNSTC Bus Stand , Kallakurichi",Kallakurichi - TNSTC
62684,"Kerala State Road Transport Corperation, Mananthavadi",Mananthavadi - Kerala State Road Transport Corperation
62750,"Mukkadamukku, Chavara",Chavara - Mukkadamukku
62752,"Vazhayilmukku, Chavara",Chavara - Vazhayilmukku
62816,"KSRTC BUS STAND, KOOTHATUKULAM",KOOTHATUKULAM - KSRTC
62873,"Waiting shed, Pazhayidom",Pazhayidom - Waiting shed
62905,"Koyil Vazhi bus stand, Tiruppur",Tiruppur - Koyil Vazhi
62926,"KSRTC Bus Stand, Urdigere",Urdigere - KSRTC
62933,"APSRTC Bus Station , Palamaneru",Palamaneru - APSRTC
62934,"APSRTC Bus Station , Chittoor",Chittoor - APSRTC
62935,"APSRTC Bus Station , Punganur",Punganur - APSRTC
62936,"APSRTC Bus Station , Kuppam",Kuppam - APSRTC
62937,"APSRTC Bus Station , Venkatagiri Kota",Venkatagiri Kota - APSRTC
62938,"APSRTC Bus Station , Kanipakam",Kanipakam - APSRTC
62940,"APSRTC Bus Station , Pichchatur",Pichchatur - APSRTC
62941,"APSRTC Bus Station , Nagalapuram",Nagalapuram - APSRTC
62943,"APSRTC Bus Station , Satyavedu",Satyavedu - APSRTC
62945,"APSRTC Bus Station , Pakala",Pakala - APSRTC
62959,"Madhavarm APSRTC , TNSTC Bus Terminus",TNSTC Bus Terminus - Madhavarm APSRTC
62966,"TNSTC Tanthiperiyar Bus Depot , Tiruvannamalai",Tiruvannamalai - TNSTC Tanthiperiyar Bus Depot
62967,"TNSTC Bus Depot , Tiruvannamalai",Tiruvannamalai - TNSTC Bus Depot
63083,"TNSTC Bus Depot , Palani",Palani - TNSTC Bus Depot
63084,"M.G.R Mattuthavani Bus Stand , Madurai",Madurai - Mattuthavani
63085,"Periyar Bus Stand , Madurai",Madurai - Periyar
63246,"Kerala State Road Transport Cooperation Bus Depot, Ponkunnam",Ponkunnam - Kerala State Road Transport Cooperation Bus Depot
63259,"Private Bus Station, Kottarakkara",Kottarakkara - Private
63263,"IGBT Bus Stand, Manjeri",Manjeri - IGBT
63264,"New Bus Stand, Manjeri",Manjeri - New
63290,"Kerala State Road Transport Cooperation Bus Station, Irinjalakuda",Irinjalakuda - Kerala State Road Transport Cooperation
63416,"Kerala State Road Transport Corporation, Perumbavoor",Perumbavoor - Kerala State Road Transport Corporation
63457,"Private Bus Stand, North Paravur",North Paravur - Private
63473,"KSRTC BUS STATION, PIRAVOM",PIRAVOM - KSRTC
63497,"Private Bus Stand,Perumbavoor",Perumbavoor - Private
63498,"Muncipal Bus Stand,Thankalam",Thankalam - Muncipal
63544,"Paruthumpara Bus stop towards Njaliyakuzhy, Changanassery",Changanassery - Paruthumpara Bus stop towards Njaliyakuzhy
63555,"Pothukal Bus Station, Pothukal",Pothukal - Pothukal
63653,"Private Bus Stand, Koothattukulam",Koothattukulam - Private
63654,"KSRTC Bus Stand, Koothattukulam",Koothattukulam - KSRTC
63655,"Kerala State Road Transport Corporation, Kacheri, Attingal","Kacheri, Attingal - Kerala State Road Transport Corporation"
63656,"Private bus stand, kacheri jn",kacheri jn - Private
63658,"Koyil vazhi bus stand, Tiruppur",Tiruppur - Koyil vazhi
63659,"New Bus Stand, Tiruppur",Tiruppur - New
63664,"Jose Thomas Padinjarekkara Private Bus Terminal, Kottaramattam, Palai","Kottaramattam, Palai - Jose Thomas Padinjarekkara Private Bus Terminal"
63710,"Bus Terminal 2, 2A",2A - Bus Terminal 2
63721,"Kerala State Road Transport Corporation Bus Stand, Munnar",Munnar - Kerala State Road Transport Corporation
63731,"Annai Indira Gandhi Bus Stand, Karumandurai",Karumandurai - Annai Indira Gandhi
64433,"Central Government Officers Quarters, General Pool Accomodation",General Pool Accomodation - Central Government Officers Quarters
64995,"Nettithozhu,Kochera",Kochera - Nettithozhu
65173,"AECS Layout, A block",A block - AECS Layout
65497,"Pallippuram, Karambathur P O",Karambathur P O - Pallippuram
65669,"Aasharimukku,amarap.o",amarap.o - Aasharimukku
65670,"Thottikada, Upputhode",Upputhode - Thottikada
65680,"Gouri city, Upputhode",Upputhode - Gouri city
65860,"Pallikkamarup,  Edakkulam",Edakkulam - Pallikkamarup
65861,"Kulikadavunkal, Punnasheripadi",Punnasheripadi - Kulikadavunkal
65905,"Kalathil Tribal Colony, Madakkimala",Madakkimala - Kalathil Tribal Colony
65906,"Mangalamkunn Tribal Colony, Panangandi",Panangandi - Mangalamkunn Tribal Colony
65908,"Pandyattvayal Tribal Colony, Kariambadi",Kariambadi - Pandyattvayal Tribal Colony
65909,"Koraladi Tribal Colony, Kolavayal",Kolavayal - Koraladi Tribal Colony
65910,"Njanummel Tribal colony, Kolavayal",Kolavayal - Njanummel Tribal colony
65912,"Moothimoola Kuruma Colony, Kariyambadi",Kariyambadi - Moothimoola Kuruma Colony
65913,"Thottamkolli Tribal Colony, Kuppadi",Kuppadi - Thottamkolli Tribal Colony
65914,"Thottamkolli Tribal Colony, Kuppadi",Kuppadi - Thottamkolli Tribal Colony
65915,"Shastri Nagar Tribal Colony, Aalamdhatta",Aalamdhatta - Shastri Nagar Tribal Colony
65918,"Oorapakk Kunn Tribal Colony, Vazhavatta",Vazhavatta - Oorapakk Kunn Tribal Colony
65919,"Naikollikunn Tribal Colony, Pakkam",Pakkam - Naikollikunn Tribal Colony
65920,"Naikollikunn Kuruma Colony, Pakkam",Pakkam - Naikollikunn Kuruma Colony
65921,"Unnikkan Tribal Colony, Pakkam",Pakkam - Unnikkan Tribal Colony
65922,"Palakattkunn tribal Colony, Pakkam",Pakkam - Palakattkunn tribal Colony
65923,"Kaippadam Tribal Colony, Variad",Variad - Kaippadam Tribal Colony
65924,"Theneri Kuruma Colony, Theneri",Theneri - Theneri Kuruma Colony
65925,"Bharathan Colony, Theneri",Theneri - Bharathan Colony
65926,"Malakkad Kuruma Colony, Pakyanikunn",Pakyanikunn - Malakkad Kuruma Colony
65927,"Malakkad tribal Colony, Pakyanikunn",Pakyanikunn - Malakkad tribal Colony
65948,"Banashankari 6th Stage, 11th Block",11th Block - Banashankari 6th Stage
65976,"Ministry of Communications Employees Co-operative Housing Society, 6th Phase",6th Phase - Ministry of Communications Employees Co-operative Housing Society
65993,"Colony, Manhappatta",Manhappatta - Colony
66006,"Kalmparambu Colony, Naduvattom",Naduvattom - Kalmparambu Colony
66008,"Mythri Colony, Kuttippuram",Kuttippuram - Mythri Colony
66014,"Kubara Colony, Nagaparambu",Nagaparambu - Kubara Colony
66074,"Colony, Pizhaku",Pizhaku - Colony
66075,"Colony, Veliayath",Veliayath - Colony
66076,"Colony, Kudampidi",Kudampidi - Colony
66077,"Colony, Elivali",Elivali - Colony
66117,"Puzhamkuni Tribal Colony, Vazhavatta",Vazhavatta - Puzhamkuni Tribal Colony
66118,"Kallupadi Kuruma Colony, Kallupadi",Kallupadi - Kallupadi Kuruma Colony
66120,"Aavilatt Tribal Colony, Karingannikunn",Karingannikunn - Aavilatt Tribal Colony
66121,"4 cent Colony, Karingannikunn",Karingannikunn - 4 cent Colony
66123,"Alakunn Colony, Karinganikunn",Karinganikunn - Alakunn Colony
66124,"Kudalmoola Colony, Kolavayal",Kolavayal - Kudalmoola Colony
66125,"Tazhe Kozhimoola Tribal Colony, Kolavayal",Kolavayal - Tazhe Kozhimoola Tribal Colony
66126,"Thazhe Njanummal Colony, Kolavayal",Kolavayal - Thazhe Njanummal Colony
66137,"Ittiyarmala Colony,Kalamboor",Kalamboor - Ittiyarmala Colony
66143,"Colony, Mundakkutti",Mundakkutti - Colony
66191,"Vengoor, Ambedkar Colony",Ambedkar Colony - Vengoor
66280,"Lakshamveed Colony, Kundlikkad",Kundlikkad - Lakshamveed Colony
66393,"Colony , Thuvvur",Thuvvur - Colony
66394,"Colony , Thuvvur",Thuvvur - Colony
66395,"Colony , Thuvvur",Thuvvur - Colony
66396,"Colony , Thuvvur",Thuvvur - Colony
66397,"Colony , Thuvvur",Thuvvur - Colony
66398,"Colony , Thuvvur",Thuvvur - Colony
66399,"Colony , Thuvvur",Thuvvur - Colony
66400,"Makarakunn Colony , Thuvvur",Thuvvur - Makarakunn Colony
66401,"Colony , Thuvvur",Thuvvur - Colony
66402,"Colony , Thuvvur",Thuvvur - Colony
66403,"Colony , Thuvvur",Thuvvur - Colony
66404,"Colony , Thuvvur",Thuvvur - Colony
66406,"Colony , Thuvvur",Thuvvur - Colony
66543,"Kottayam Colony, Vandaikkal",Vandaikkal - Kottayam Colony
66572,"Girijan Colony, Chokkad",Chokkad - Girijan Colony
66592,"Ambedkar Colony, Puducode",Puducode - Ambedkar Colony
66598,"Lakshamveedu Colony, Pattoola",Pattoola - Lakshamveedu Colony
66606,"Oravankunnu Colony, Oravankunnu",Oravankunnu - Oravankunnu Colony
66607,"Chokkad Colony, Chokkad",Chokkad - Chokkad Colony
66661,"Lakshamveed Colony,Kattumulla",Kattumulla - Lakshamveed Colony
66742,"Lakshamveed Colony, Mallamballa",Mallamballa - Lakshamveed Colony
66748,"Michabhoomi Colony, Ponthiyampuram",Ponthiyampuram - Michabhoomi Colony
66772,"Lakshamveed Colony, Mundampokk",Mundampokk - Lakshamveed Colony
66792,"Jawahar Colony, Achickal",Achickal - Jawahar Colony
66794,"IHDP Colony, Achickal",Achickal - IHDP Colony
66812,"SC Colony, Choondacherry",Choondacherry - SC Colony
67717,"Chungam, Paplassery",Paplassery - Chungam
68458,"Krishna Nagar, Periyar Road",Periyar Road - Krishna Nagar
68482,"D Silva Layout , Happy Valley",Happy Valley - D Silva Layout
68741,"Colony, Valiyakunnu",Valiyakunnu - Colony
68742,"Colony, Valiyakunnu, Attingal","Valiyakunnu, Attingal - Colony"
68743,"Colony, Valiyakunnu",Valiyakunnu - Colony
68755,"Panayil Colony, Ambalamukku, Attingal","Ambalamukku, Attingal - Panayil Colony"
68756,"Colony, Seevelikonam",Seevelikonam - Colony
68758,"Colony, Kottiyodu",Kottiyodu - Colony
68762,"Areekkakunnu Leksham Veedu Colony, Pravithanam",Pravithanam - Areekkakunnu Leksham Veedu Colony
68768,"Jayaprakash (J.P.) Nagar, Cauvery Nagar",Cauvery Nagar - Jayaprakash (J.P.) Nagar
68782,"OLH Colony, Elackad",Elackad - OLH Colony
78876,"Elampally, Neyyattusserry",Neyyattusserry - Elampally
85228,"Edalipparakudy Tribal Settlement, Edamalakudy",Edamalakudy - Edalipparakudy Tribal Settlement
88929,"Ambalapadykudy Tribal Settlement, Edamalakudy",Edamalakudy - Ambalapadykudy Tribal Settlement
89774,"2/B Gammanaya, Hurigaswewa",Hurigaswewa - 2/B Gammanaya
93850,"ayyanthole, punkunnam village office",punkunnam village office - ayyanthole
